name;price;info;link;Код товара;Комплектация;Питание;Принцип действия;Артикул;Срок поставки;Длина датчика, мм;Чувствительность;Корпус;Аналоговый выход по току, мА
Емкостные датчики Balluff в цилиндрическом корпусе M8;Уточнить цену;"Код товара; Balluff BCS M08; Комплектация; В комплектацию не входят: ответные разъемы для подключения в систему; Питание; DC; Принцип действия; емкостной";https://balluff-rus.ru/catalog/emkostnye_datchiki_v_tsilindricheskikh_korpusakh/emkostnye_datchiki_balluff_v_tsilindricheskom_korpuse_m8/;Balluff BCS M08;В комплектацию не входят: ответные разъемы для подключения в систему;DC;емкостной;;;;;;
Емкостные датчики Balluff в цилиндрическом корпусе M12;Уточнить цену;"Код товара; Balluff BCS M12; Комплектация; В комплектацию не входят: ответные разъемы для подключения в систему; Питание; DC; Принцип действия; емкостной";https://balluff-rus.ru/catalog/emkostnye_datchiki_v_tsilindricheskikh_korpusakh/emkostnye_datchiki_balluff_v_tsilindricheskom_korpuse_m12/;Balluff BCS M12;В комплектацию не входят: ответные разъемы для подключения в систему;DC;емкостной;;;;;;
Емкостные датчики Balluff в цилиндрическом корпусе M18;Уточнить цену;"Код товара; Balluff BCS M18; Комплектация; В комплектацию не входят: ответные разъемы для подключения в систему; Питание; DC; Принцип действия; емкостной";https://balluff-rus.ru/catalog/emkostnye_datchiki_v_tsilindricheskikh_korpusakh/emkostnye_datchiki_balluff_v_tsilindricheskom_korpuse_m18/;Balluff BCS M18;В комплектацию не входят: ответные разъемы для подключения в систему;DC;емкостной;;;;;;
Емкостные датчики Balluff дискового типа;Уточнить цену;"Код товара; Balluff BCS D; Комплектация; В комплектацию не входят: ответные разъемы для подключения в систему; Питание; DC; Принцип действия; емкостной";https://balluff-rus.ru/catalog/emkostnye_datchiki_v_tsilindricheskikh_korpusakh/emkostnye_datchiki_balluff_diskovogo_tipa/;Balluff BCS D;В комплектацию не входят: ответные разъемы для подключения в систему;DC;емкостной;;;;;;
Емкостные датчики Balluff в прямоугольном корпусе;Уточнить цену;"Код товара; Balluff BCS R08; Комплектация; В комплектацию не входят: ответные разъемы для подключения в систему; Питание; DC; Принцип действия; емкостной";https://balluff-rus.ru/catalog/emkostnye_datchiki_v_pryamougolnykh_korpusakh/emkostnye_datchiki_balluff_v_pryamougolnom_korpuse/;Balluff BCS R08;В комплектацию не входят: ответные разъемы для подключения в систему;DC;емкостной;;;;;;
Емкостные датчики Balluff в цилиндрическом корпусе M30;Уточнить цену;"Код товара; Balluff BCS M30; Комплектация; В комплектацию не входят: ответные разъемы для подключения в систему; Питание; DC; Принцип действия; емкостной";https://balluff-rus.ru/catalog/emkostnye_datchiki_v_tsilindricheskikh_korpusakh/emkostnye_datchiki_balluff_v_tsilindricheskom_korpuse_m30/;Balluff BCS M30;В комплектацию не входят: ответные разъемы для подключения в систему;DC;емкостной;;;;;;
Емкостной датчик Balluff BCS D22T402-PSM60C-EP02;Уточнить цену;"Артикул; BCS D22T402-PSM60C-EP02; Код товара; BCS00HK; Срок поставки; 4-6 недель; Длина датчика, мм; 16";https://balluff-rus.ru/catalog/emkostnye_datchiki/emkostnoy_datchik_balluff_bcs_d22t402_psm60c_ep02/;BCS00HK;;;;BCS D22T402-PSM60C-EP02;4-6 недель;16;;;
Емкостной датчик Balluff BCS D30T401-PSC15C-EP02;Уточнить цену;"Артикул; BCS D30T401-PSC15C-EP02; Код товара; BCS003A; Срок поставки; 4-6 недель; Чувствительность; дальность срабатывания регулируется";https://balluff-rus.ru/catalog/emkostnye_datchiki/emkostnoy_datchik_balluff_bcs_d30t401_psc15c_ep02/;BCS003A;;;;BCS D30T401-PSC15C-EP02;4-6 недель;;дальность срабатывания регулируется;;
Емкостной датчик Balluff BCS G06T4E1-NSM15C-EP02;Уточнить цену;"Артикул; BCS G06T4E1-NSM15C-EP02; Код товара; BCS001N; Срок поставки; 4-6 недель; Чувствительность; дальность срабатывания регулируется";https://balluff-rus.ru/catalog/emkostnye_datchiki/emkostnoy_datchik_balluff_bcs_g06t4e1_nsm15c_ep02/;BCS001N;;;;BCS G06T4E1-NSM15C-EP02;4-6 недель;;дальность срабатывания регулируется;;
Емкостной датчик Balluff BCS G10T4H-PSM40C-EP02;Уточнить цену;"Артикул; BCS G10T4H-PSM40C-EP02; Код товара; BCS002T; Срок поставки; 4-6 недель; Чувствительность; дальность срабатывания регулируется";https://balluff-rus.ru/catalog/emkostnye_datchiki/emkostnoy_datchik_balluff_bcs_g10t4h_psm40c_ep02/;BCS002T;;;;BCS G10T4H-PSM40C-EP02;4-6 недель;;дальность срабатывания регулируется;;
Емкостной датчик Balluff BCS G34OOI2-PSC15D-S04K;Уточнить цену;"Артикул; BCS G34OOI2-PSC15D-S04K; Код товара; BCS00UJ; Срок поставки; 4-6 недель; Чувствительность; дальность срабатывания регулируется";https://balluff-rus.ru/catalog/emkostnye_datchiki/emkostnoy_datchik_balluff_bcs_g34ooi2_psc15d_s04k/;BCS00UJ;;;;BCS G34OOI2-PSC15D-S04K;4-6 недель;;дальность срабатывания регулируется;;
Емкостной датчик Balluff BCS M08T4E2-POM15C-S49G;Уточнить цену;"Артикул; BCS M08T4E2-POM15C-S49G; Код товара; BCS002C; Срок поставки; 4-6 недель; Чувствительность; дальность срабатывания регулируется";https://balluff-rus.ru/catalog/emkostnye_datchiki/emkostnoy_datchik_balluff_bcs_m08t4e2_pom15c_s49g/;BCS002C;;;;BCS M08T4E2-POM15C-S49G;4-6 недель;;дальность срабатывания регулируется;;
Емкостной датчик Balluff BCS M12B4I1-PSC40D-EP02;Уточнить цену;"Артикул; BCS M12B4I1-PSC40D-EP02; Код товара; BCS00R4; Срок поставки; 4-6 недель; Чувствительность; дальность срабатывания регулируется";https://balluff-rus.ru/catalog/emkostnye_datchiki/emkostnoy_datchik_balluff_bcs_m12b4i1_psc40d_ep02/;BCS00R4;;;;BCS M12B4I1-PSC40D-EP02;4-6 недель;;дальность срабатывания регулируется;;
Емкостной датчик Balluff BCS M12BBG2-POC40D-S04K;Уточнить цену;"Артикул; BCS M12BBG2-POC40D-S04K; Код товара; BCS00PK; Срок поставки; 4-6 недель; Чувствительность; дальность срабатывания регулируется";https://balluff-rus.ru/catalog/emkostnye_datchiki/emkostnoy_datchik_balluff_bcs_m12bbg2_poc40d_s04k/;BCS00PK;;;;BCS M12BBG2-POC40D-S04K;4-6 недель;;дальность срабатывания регулируется;;
Емкостной датчик Balluff BCS M12T4D2-PSM40C-S04G;Уточнить цену;"Артикул; BCS M12T4D2-PSM40C-S04G; Код товара; BCS0037; Срок поставки; 4-6 недель; Чувствительность; дальность срабатывания регулируется";https://balluff-rus.ru/catalog/emkostnye_datchiki/emkostnoy_datchik_balluff_bcs_m12t4d2_psm40c_s04g/;BCS0037;;;;BCS M12T4D2-PSM40C-S04G;4-6 недель;;дальность срабатывания регулируется;;
Емкостной датчик Balluff BCS M18B4N1-PSC80D-EP02;Уточнить цену;"Артикул; BCS M18B4N1-PSC80D-EP02; Код товара; BCS00LK; Срок поставки; 4-6 недель; Чувствительность; дальность срабатывания регулируется";https://balluff-rus.ru/catalog/emkostnye_datchiki/emkostnoy_datchik_balluff_bcs_m18b4n1_psc80d_ep02/;BCS00LK;;;;BCS M18B4N1-PSC80D-EP02;4-6 недель;;дальность срабатывания регулируется;;
Емкостной датчик Balluff BCS M18BBI3-PSC80D-S04K;Уточнить цену;"Артикул; BCS M18BBI3-PSC80D-S04K; Код товара; BCS00M8; Срок поставки; 4-6 недель; Чувствительность; дальность срабатывания регулируется";https://balluff-rus.ru/catalog/emkostnye_datchiki/emkostnoy_datchik_balluff_bcs_m18bbi3_psc80d_s04k/;BCS00M8;;;;BCS M18BBI3-PSC80D-S04K;4-6 недель;;дальность срабатывания регулируется;;
Емкостной датчик Balluff BCS M18BBN1-NOC80D-EP02;Уточнить цену;"Артикул; BCS M18BBN1-NOC80D-EP02; Код товара; BCS00M3; Срок поставки; 4-6 недель; Чувствительность; дальность срабатывания регулируется";https://balluff-rus.ru/catalog/emkostnye_datchiki/emkostnoy_datchik_balluff_bcs_m18bbn1_noc80d_ep02/;BCS00M3;;;;BCS M18BBN1-NOC80D-EP02;4-6 недель;;дальность срабатывания регулируется;;
Емкостной датчик Balluff BCS M30B4I2-PSC15D-S04K;Уточнить цену;"Артикул; BCS M30B4I2-PSC15D-S04K; Код товара; BCS00MR; Срок поставки; 4-6 недель; Чувствительность; дальность срабатывания регулируется";https://balluff-rus.ru/catalog/emkostnye_datchiki/emkostnoy_datchik_balluff_bcs_m30b4i2_psc15d_s04k/;BCS00MR;;;;BCS M30B4I2-PSC15D-S04K;4-6 недель;;дальность срабатывания регулируется;;
Емкостной датчик Balluff BCS M30BBI1-POC15D-EP02;Уточнить цену;"Артикул; BCS M30BBI1-POC15D-EP02; Код товара; BCS00NN; Срок поставки; 4-6 недель; Чувствительность; дальность срабатывания регулируется";https://balluff-rus.ru/catalog/emkostnye_datchiki/emkostnoy_datchik_balluff_bcs_m30bbi1_poc15d_ep02/;BCS00NN;;;;BCS M30BBI1-POC15D-EP02;4-6 недель;;дальность срабатывания регулируется;;
Емкостной датчик Balluff BCS M30BBI1-PSC15D-EP02;Уточнить цену;"Артикул; BCS M30BBI1-PSC15D-EP02; Код товара; BCS00NM; Срок поставки; 4-6 недель; Чувствительность; дальность срабатывания регулируется";https://balluff-rus.ru/catalog/emkostnye_datchiki/emkostnoy_datchik_balluff_bcs_m30bbi1_psc15d_ep02/;BCS00NM;;;;BCS M30BBI1-PSC15D-EP02;4-6 недель;;дальность срабатывания регулируется;;
Емкостной датчик Balluff BCS M30BBI2-NSC15D-S04K;Уточнить цену;"Артикул; BCS M30BBI2-NSC15D-S04K; Код товара; BCS00NE; Срок поставки; 4-6 недель; Чувствительность; дальность срабатывания регулируется";https://balluff-rus.ru/catalog/emkostnye_datchiki/emkostnoy_datchik_balluff_bcs_m30bbi2_nsc15d_s04k/;BCS00NE;;;;BCS M30BBI2-NSC15D-S04K;4-6 недель;;дальность срабатывания регулируется;;
Емкостной датчик Balluff BCS M30BBI2-POC15D-S04K;Уточнить цену;"Артикул; BCS M30BBI2-POC15D-S04K; Код товара; BCS00NC; Срок поставки; 4-6 недель; Чувствительность; дальность срабатывания регулируется";https://balluff-rus.ru/catalog/emkostnye_datchiki/emkostnoy_datchik_balluff_bcs_m30bbi2_poc15d_s04k/;BCS00NC;;;;BCS M30BBI2-POC15D-S04K;4-6 недель;;дальность срабатывания регулируется;;
Емкостной датчик Balluff BCS M30BBI2-PSC15D-S04K;Уточнить цену;"Артикул; BCS M30BBI2-PSC15D-S04K; Код товара; BCS00NA; Срок поставки; 4-6 недель; Чувствительность; дальность срабатывания регулируется";https://balluff-rus.ru/catalog/emkostnye_datchiki/emkostnoy_datchik_balluff_bcs_m30bbi2_psc15d_s04k/;BCS00NA;;;;BCS M30BBI2-PSC15D-S04K;4-6 недель;;дальность срабатывания регулируется;;
Емкостной датчик Balluff BCS M30BBM2-PPM20C-S04G;Уточнить цену;"Артикул; BCS M30BBM2-PPM20C-S04G; Код товара; BCS004M; Срок поставки; 4-6 недель; Чувствительность; дальность срабатывания регулируется";https://balluff-rus.ru/catalog/emkostnye_datchiki/emkostnoy_datchik_balluff_bcs_m30bbm2_ppm20c_s04g/;BCS004M;;;;BCS M30BBM2-PPM20C-S04G;4-6 недель;;дальность срабатывания регулируется;;
Емкостной датчик Balluff BCS M30BBM3-PPC20C-EP02;Уточнить цену;"Артикул; BCS M30BBM3-PPC20C-EP02; Код товара; BCS004K; Срок поставки; 4-6 недель; Чувствительность; дальность срабатывания регулируется";https://balluff-rus.ru/catalog/emkostnye_datchiki/emkostnoy_datchik_balluff_bcs_m30bbm3_ppc20c_ep02/;BCS004K;;;;BCS M30BBM3-PPC20C-EP02;4-6 недель;;дальность срабатывания регулируется;;
Емкостной датчик Balluff BCS D22T403-PSM60C-EP02;Уточнить цену;"Артикул; BCS D22T403-PSM60C-EP02; Код товара; BCS003H; Срок поставки; 4-6 недель; Длина датчика, мм; 4";https://balluff-rus.ru/catalog/emkostnye_datchiki/emkostnoy_datchik_balluff_bcs_d22t403_psm60c_ep02/;BCS003H;;;;BCS D22T403-PSM60C-EP02;4-6 недель;4;;;
Емкостной датчик Balluff BCS M08T4E1-NSM15C-EP02;Уточнить цену;"Артикул; BCS M08T4E1-NSM15C-EP02; Код товара; BCS0028; Срок поставки; 4-6 недель; Чувствительность; дальность срабатывания регулируется";https://balluff-rus.ru/catalog/emkostnye_datchiki/emkostnoy_datchik_balluff_bcs_m08t4e1_nsm15c_ep02/;BCS0028;;;;BCS M08T4E1-NSM15C-EP02;4-6 недель;;дальность срабатывания регулируется;;
Емкостной датчик Balluff BCS M08T4E1-POM15C-EP02;Уточнить цену;"Артикул; BCS M08T4E1-POM15C-EP02; Код товара; BCS0027; Срок поставки; 4-6 недель; Чувствительность; дальность срабатывания регулируется";https://balluff-rus.ru/catalog/emkostnye_datchiki/emkostnoy_datchik_balluff_bcs_m08t4e1_pom15c_ep02/;BCS0027;;;;BCS M08T4E1-POM15C-EP02;4-6 недель;;дальность срабатывания регулируется;;
Емкостной датчик Balluff BCS M12B4G2-POC40D-S04K;Уточнить цену;"Артикул; BCS M12B4G2-POC40D-S04K; Код товара; BCS00P1; Срок поставки; 4-6 недель; Чувствительность; дальность срабатывания регулируется";https://balluff-rus.ru/catalog/emkostnye_datchiki/emkostnoy_datchik_balluff_bcs_m12b4g2_poc40d_s04k/;BCS00P1;;;;BCS M12B4G2-POC40D-S04K;4-6 недель;;дальность срабатывания регулируется;;
Емкостной датчик Balluff BCS M12B4G2-PSC40D-S04K;Уточнить цену;"Артикул; BCS M12B4G2-PSC40D-S04K; Код товара; BCS00P0; Срок поставки; 4-6 недель; Чувствительность; дальность срабатывания регулируется";https://balluff-rus.ru/catalog/emkostnye_datchiki/emkostnoy_datchik_balluff_bcs_m12b4g2_psc40d_s04k/;BCS00P0;;;;BCS M12B4G2-PSC40D-S04K;4-6 недель;;дальность срабатывания регулируется;;
Емкостной датчик Balluff BCS M12B4I1-PSC40D-EP00,3-GS04;Уточнить цену;"Артикул; BCS M12B4I1-PSC40D-EP00,3-GS04; Код товара; BCS00WW; Срок поставки; 4-6 недель; Чувствительность; дальность срабатывания регулируется";https://balluff-rus.ru/catalog/emkostnye_datchiki/emkostnoy_datchik_balluff_bcs_m12b4i1_psc40d_ep00_3_gs04/;BCS00WW;;;;BCS M12B4I1-PSC40D-EP00,3-GS04;4-6 недель;;дальность срабатывания регулируется;;
Емкостной датчик Balluff BCS M12BBI1-NSC40D-EP02;Уточнить цену;"Артикул; BCS M12BBI1-NSC40D-EP02; Код товара; BCS00PY; Срок поставки; 4-6 недель; Чувствительность; дальность срабатывания регулируется";https://balluff-rus.ru/catalog/emkostnye_datchiki/emkostnoy_datchik_balluff_bcs_m12bbi1_nsc40d_ep02/;BCS00PY;;;;BCS M12BBI1-NSC40D-EP02;4-6 недель;;дальность срабатывания регулируется;;
Емкостной датчик Balluff BCS M12BBI1-PSC40D-EP02;Уточнить цену;"Артикул; BCS M12BBI1-PSC40D-EP02; Код товара; BCS00PU; Срок поставки; 4-6 недель; Чувствительность; дальность срабатывания регулируется";https://balluff-rus.ru/catalog/emkostnye_datchiki/emkostnoy_datchik_balluff_bcs_m12bbi1_psc40d_ep02/;BCS00PU;;;;BCS M12BBI1-PSC40D-EP02;4-6 недель;;дальность срабатывания регулируется;;
Емкостной датчик Balluff BCS M12T4D2-POM40C-S04G;Уточнить цену;"Артикул; BCS M12T4D2-POM40C-S04G; Код товара; BCS0038; Срок поставки; 4-6 недель; Чувствительность; дальность срабатывания регулируется";https://balluff-rus.ru/catalog/emkostnye_datchiki/emkostnoy_datchik_balluff_bcs_m12t4d2_pom40c_s04g/;BCS0038;;;;BCS M12T4D2-POM40C-S04G;4-6 недель;;дальность срабатывания регулируется;;
Емкостной датчик Balluff BCS M18B4I3-POC80D-S04K;Уточнить цену;"Артикул; BCS M18B4I3-POC80D-S04K; Код товара; BCS00M4; Срок поставки; 4-6 недель; Чувствительность; дальность срабатывания регулируется";https://balluff-rus.ru/catalog/emkostnye_datchiki/emkostnoy_datchik_balluff_bcs_m18b4i3_poc80d_s04k/;BCS00M4;;;;BCS M18B4I3-POC80D-S04K;4-6 недель;;дальность срабатывания регулируется;;
Емкостной датчик Balluff BCS M18B4N1-POC80D-EP02;Уточнить цену;"Артикул; BCS M18B4N1-POC80D-EP02; Код товара; BCS00LR; Срок поставки; 4-6 недель; Чувствительность; дальность срабатывания регулируется";https://balluff-rus.ru/catalog/emkostnye_datchiki/emkostnoy_datchik_balluff_bcs_m18b4n1_poc80d_ep02/;BCS00LR;;;;BCS M18B4N1-POC80D-EP02;4-6 недель;;дальность срабатывания регулируется;;
Емкостной датчик Balluff BCS M30B4I1-PSC15D-EP02;Уточнить цену;"Артикул; BCS M30B4I1-PSC15D-EP02; Код товара; BCS00N2; Срок поставки; 4-6 недель; Чувствительность; дальность срабатывания регулируется";https://balluff-rus.ru/catalog/emkostnye_datchiki/emkostnoy_datchik_balluff_bcs_m30b4i1_psc15d_ep02/;BCS00N2;;;;BCS M30B4I1-PSC15D-EP02;4-6 недель;;дальность срабатывания регулируется;;
Емкостной датчик Balluff BCS M30B4M2-PPM20C-S04G;Уточнить цену;"Артикул; BCS M30B4M2-PPM20C-S04G; Код товара; BCS004T; Срок поставки; 4-6 недель; Чувствительность; дальность срабатывания регулируется";https://balluff-rus.ru/catalog/emkostnye_datchiki/emkostnoy_datchik_balluff_bcs_m30b4m2_ppm20c_s04g/;BCS004T;;;;BCS M30B4M2-PPM20C-S04G;4-6 недель;;дальность срабатывания регулируется;;
Емкостной датчик Balluff BCS R08RRE-PIM80C-EP00,3-GS04;Уточнить цену;"Артикул; BCS R08RRE-PIM80C-EP00,3-GS04; Код товара; BCS012N; Срок поставки; 4-6 недель; Чувствительность; дальность срабатывания регулируется";https://balluff-rus.ru/catalog/emkostnye_datchiki/emkostnoy_datchik_balluff_bcs_r08rre_pim80c_ep00_3_gs04/;BCS012N;;;;BCS R08RRE-PIM80C-EP00,3-GS04;4-6 недель;;дальность срабатывания регулируется;;
Емкостной датчик Balluff BCS D22V4M1-PSC10C-EV02;Уточнить цену;"Артикул; BCS D22V4M1-PSC10C-EV02; Код товара; BCS0033; Срок поставки; 4-6 недель; Чувствительность; дальность срабатывания регулируется";https://balluff-rus.ru/catalog/emkostnye_datchiki/emkostnoy_datchik_balluff_bcs_d22v4m1_psc10c_ev02/;BCS0033;;;;BCS D22V4M1-PSC10C-EV02;4-6 недель;;дальность срабатывания регулируется;;
Емкостной датчик Balluff BCS D30B4M3-PPC20C-EP02;Уточнить цену;"Артикул; BCS D30B4M3-PPC20C-EP02; Код товара; BCS004H; Срок поставки; 4-6 недель; Чувствительность; дальность срабатывания регулируется";https://balluff-rus.ru/catalog/emkostnye_datchiki/emkostnoy_datchik_balluff_bcs_d30b4m3_ppc20c_ep02/;BCS004H;;;;BCS D30B4M3-PPC20C-EP02;4-6 недель;;дальность срабатывания регулируется;;
Емкостной датчик Balluff BCS D30T401-POC15C-EP02;Уточнить цену;"Артикул; BCS D30T401-POC15C-EP02; Код товара; BCS003C; Срок поставки; 4-6 недель; Чувствительность; дальность срабатывания регулируется";https://balluff-rus.ru/catalog/emkostnye_datchiki/emkostnoy_datchik_balluff_bcs_d30t401_poc15c_ep02/;BCS003C;;;;BCS D30T401-POC15C-EP02;4-6 недель;;дальность срабатывания регулируется;;
Емкостной датчик Balluff BCS G06T4D2-POM15C-S49G;Уточнить цену;"Артикул; BCS G06T4D2-POM15C-S49G; Код товара; BCS001T; Срок поставки; 4-6 недель; Чувствительность; дальность срабатывания регулируется";https://balluff-rus.ru/catalog/emkostnye_datchiki/emkostnoy_datchik_balluff_bcs_g06t4d2_pom15c_s49g/;BCS001T;;;;BCS G06T4D2-POM15C-S49G;4-6 недель;;дальность срабатывания регулируется;;
Емкостной датчик Balluff BCS G06T4D2-PSM15C-S49G;Уточнить цену;"Артикул; BCS G06T4D2-PSM15C-S49G; Код товара; BCS001R; Срок поставки; 4-6 недель; Чувствительность; дальность срабатывания регулируется";https://balluff-rus.ru/catalog/emkostnye_datchiki/emkostnoy_datchik_balluff_bcs_g06t4d2_psm15c_s49g/;BCS001R;;;;BCS G06T4D2-PSM15C-S49G;4-6 недель;;дальность срабатывания регулируется;;
Емкостной датчик Balluff BCS G06T4E1-POM15C-EP02;Уточнить цену;"Артикул; BCS G06T4E1-POM15C-EP02; Код товара; BCS001M; Срок поставки; 4-6 недель; Чувствительность; дальность срабатывания регулируется";https://balluff-rus.ru/catalog/emkostnye_datchiki/emkostnoy_datchik_balluff_bcs_g06t4e1_pom15c_ep02/;BCS001M;;;;BCS G06T4E1-POM15C-EP02;4-6 недель;;дальность срабатывания регулируется;;
Емкостной датчик Balluff BCS G06T4E1-PSM15C-EP02;Уточнить цену;"Артикул; BCS G06T4E1-PSM15C-EP02; Код товара; BCS001L; Срок поставки; 4-6 недель; Чувствительность; дальность срабатывания регулируется";https://balluff-rus.ru/catalog/emkostnye_datchiki/emkostnoy_datchik_balluff_bcs_g06t4e1_psm15c_ep02/;BCS001L;;;;BCS G06T4E1-PSM15C-EP02;4-6 недель;;дальность срабатывания регулируется;;
Емкостной датчик Balluff BCS G34OOI1-PSC15D-EP02;Уточнить цену;"Артикул; BCS G34OOI1-PSC15D-EP02; Код товара; BCS00UN; Срок поставки; 4-6 недель; Чувствительность; дальность срабатывания регулируется";https://balluff-rus.ru/catalog/emkostnye_datchiki/emkostnoy_datchik_balluff_bcs_g34ooi1_psc15d_ep02/;BCS00UN;;;;BCS G34OOI1-PSC15D-EP02;4-6 недель;;дальность срабатывания регулируется;;
Емкостной датчик Balluff BCS M08T4E1-PSM15C-EP02;Уточнить цену;"Артикул; BCS M08T4E1-PSM15C-EP02; Код товара; BCS0026; Срок поставки; 4-6 недель; Чувствительность; дальность срабатывания регулируется";https://balluff-rus.ru/catalog/emkostnye_datchiki/emkostnoy_datchik_balluff_bcs_m08t4e1_psm15c_ep02/;BCS0026;;;;BCS M08T4E1-PSM15C-EP02;4-6 недель;;дальность срабатывания регулируется;;
Емкостной датчик Balluff BCS M08T4E2-PSM15C-S49G;Уточнить цену;"Артикул; BCS M08T4E2-PSM15C-S49G; Код товара; BCS002A; Срок поставки; 4-6 недель; Чувствительность; дальность срабатывания регулируется";https://balluff-rus.ru/catalog/emkostnye_datchiki/emkostnoy_datchik_balluff_bcs_m08t4e2_psm15c_s49g/;BCS002A;;;;BCS M08T4E2-PSM15C-S49G;4-6 недель;;дальность срабатывания регулируется;;
Емкостной датчик Balluff BCS M12B4G2-NSC40D-S04K;Уточнить цену;"Артикул; BCS M12B4G2-NSC40D-S04K; Код товара; BCS00P2; Срок поставки; 4-6 недель; Чувствительность; дальность срабатывания регулируется";https://balluff-rus.ru/catalog/emkostnye_datchiki/emkostnoy_datchik_balluff_bcs_m12b4g2_nsc40d_s04k/;BCS00P2;;;;BCS M12B4G2-NSC40D-S04K;4-6 недель;;дальность срабатывания регулируется;;
Емкостной датчик Balluff BCS M12BBG2-PSC40D-S04K;Уточнить цену;"Артикул; BCS M12BBG2-PSC40D-S04K; Код товара; BCS00PJ; Срок поставки; 4-6 недель; Чувствительность; дальность срабатывания регулируется";https://balluff-rus.ru/catalog/emkostnye_datchiki/emkostnoy_datchik_balluff_bcs_m12bbg2_psc40d_s04k/;BCS00PJ;;;;BCS M12BBG2-PSC40D-S04K;4-6 недель;;дальность срабатывания регулируется;;
Емкостной датчик Balluff BCS M12T4G1-PSM40C-EP02;Уточнить цену;"Артикул; BCS M12T4G1-PSM40C-EP02; Код товара; BCS002Z; Срок поставки; 4-6 недель; Чувствительность; дальность срабатывания регулируется";https://balluff-rus.ru/catalog/emkostnye_datchiki/emkostnoy_datchik_balluff_bcs_m12t4g1_psm40c_ep02/;BCS002Z;;;;BCS M12T4G1-PSM40C-EP02;4-6 недель;;дальность срабатывания регулируется;;
Емкостной датчик Balluff BCS M12TTG1-PSM40C-ET02;Уточнить цену;"Артикул; BCS M12TTG1-PSM40C-ET02; Код товара; BCS00AU; Срок поставки; 4-6 недель; Длина датчика, мм; 50";https://balluff-rus.ru/catalog/emkostnye_datchiki/emkostnoy_datchik_balluff_bcs_m12ttg1_psm40c_et02/;BCS00AU;;;;BCS M12TTG1-PSM40C-ET02;4-6 недель;50;;;
Емкостной датчик Balluff BCS M18B4I3-PSC80D-S04K;Уточнить цену;"Артикул; BCS M18B4I3-PSC80D-S04K; Код товара; BCS00MF; Срок поставки; 4-6 недель; Чувствительность; дальность срабатывания регулируется";https://balluff-rus.ru/catalog/emkostnye_datchiki/emkostnoy_datchik_balluff_bcs_m18b4i3_psc80d_s04k/;BCS00MF;;;;BCS M18B4I3-PSC80D-S04K;4-6 недель;;дальность срабатывания регулируется;;
Емкостной датчик Balluff BCS M18BBI3-POC80D-S04K;Уточнить цену;"Артикул; BCS M18BBI3-POC80D-S04K; Код товара; BCS00MH; Срок поставки; 4-6 недель; Чувствительность; дальность срабатывания регулируется";https://balluff-rus.ru/catalog/emkostnye_datchiki/emkostnoy_datchik_balluff_bcs_m18bbi3_poc80d_s04k/;BCS00MH;;;;BCS M18BBI3-POC80D-S04K;4-6 недель;;дальность срабатывания регулируется;;
Емкостной датчик Balluff BCS M18BBN1-NSC80D-EP02;Уточнить цену;"Артикул; BCS M18BBN1-NSC80D-EP02; Код товара; BCS00M2; Срок поставки; 4-6 недель; Чувствительность; дальность срабатывания регулируется";https://balluff-rus.ru/catalog/emkostnye_datchiki/emkostnoy_datchik_balluff_bcs_m18bbn1_nsc80d_ep02/;BCS00M2;;;;BCS M18BBN1-NSC80D-EP02;4-6 недель;;дальность срабатывания регулируется;;
Емкостной датчик Balluff BCS M18BBN1-POC80D-EP02;Уточнить цену;"Артикул; BCS M18BBN1-POC80D-EP02; Код товара; BCS00M1; Срок поставки; 4-6 недель; Чувствительность; дальность срабатывания регулируется";https://balluff-rus.ru/catalog/emkostnye_datchiki/emkostnoy_datchik_balluff_bcs_m18bbn1_poc80d_ep02/;BCS00M1;;;;BCS M18BBN1-POC80D-EP02;4-6 недель;;дальность срабатывания регулируется;;
Емкостной датчик Balluff BCS M18BBN1-PSC80D-EP02;Уточнить цену;"Артикул; BCS M18BBN1-PSC80D-EP02; Код товара; BCS00NZ; Срок поставки; 4-6 недель; Чувствительность; дальность срабатывания регулируется";https://balluff-rus.ru/catalog/emkostnye_datchiki/emkostnoy_datchik_balluff_bcs_m18bbn1_psc80d_ep02/;BCS00NZ;;;;BCS M18BBN1-PSC80D-EP02;4-6 недель;;дальность срабатывания регулируется;;
Емкостной датчик Balluff BCS M30BBI1-NSC15D-EP02;Уточнить цену;"Артикул; BCS M30BBI1-NSC15D-EP02; Код товара; BCS00NP; Срок поставки; 4-6 недель; Чувствительность; дальность срабатывания регулируется";https://balluff-rus.ru/catalog/emkostnye_datchiki/emkostnoy_datchik_balluff_bcs_m30bbi1_nsc15d_ep02/;BCS00NP;;;;BCS M30BBI1-NSC15D-EP02;4-6 недель;;дальность срабатывания регулируется;;
Емкостной датчик Balluff BCS M30EM2-PSC20C-S04K;Уточнить цену;"Артикул; BCS M30EM2-PSC20C-S04K; Код товара; BCS00HH; Срок поставки; 4-6 недель; Длина датчика, мм; 87";https://balluff-rus.ru/catalog/emkostnye_datchiki/emkostnoy_datchik_balluff_bcs_m30em2_psc20c_s04k/;BCS00HH;;;;BCS M30EM2-PSC20C-S04K;4-6 недель;87;;;
Емкостной датчик Balluff BCS M08T4E2-NSM15C-S49G;Уточнить цену;"Артикул; BCS M08T4E2-NSM15C-S49G; Код товара; BCS002E; Срок поставки; 4-6 недель; Чувствительность; дальность срабатывания регулируется";https://balluff-rus.ru/catalog/emkostnye_datchiki/emkostnoy_datchik_balluff_bcs_m08t4e2_nsm15c_s49g/;BCS002E;;;;BCS M08T4E2-NSM15C-S49G;4-6 недель;;дальность срабатывания регулируется;;
Емкостной датчик Balluff BCS D22V4M1-NSC10C-EV02;Уточнить цену;"Артикул; BCS D22V4M1-NSC10C-EV02; Код товара; BCS0035; Срок поставки; 4-6 недель; Чувствительность; дальность срабатывания регулируется";https://balluff-rus.ru/catalog/emkostnye_datchiki/emkostnoy_datchik_balluff_bcs_d22v4m1_nsc10c_ev02/;BCS0035;;;;BCS D22V4M1-NSC10C-EV02;4-6 недель;;дальность срабатывания регулируется;;
Емкостной датчик Balluff BCS G34OOI1-NOC15D-EP02;Уточнить цену;"Артикул; BCS G34OOI1-NOC15D-EP02; Код товара; BCS00UP; Срок поставки; 4-6 недель; Чувствительность; дальность срабатывания регулируется";https://balluff-rus.ru/catalog/emkostnye_datchiki/emkostnoy_datchik_balluff_bcs_g34ooi1_noc15d_ep02/;BCS00UP;;;;BCS G34OOI1-NOC15D-EP02;4-6 недель;;дальность срабатывания регулируется;;
Емкостной датчик Balluff BCS G34OOI1-POC15D-EP02;Уточнить цену;"Артикул; BCS G34OOI1-POC15D-EP02; Код товара; BCS00UF; Срок поставки; 4-6 недель; Чувствительность; дальность срабатывания регулируется";https://balluff-rus.ru/catalog/emkostnye_datchiki/emkostnoy_datchik_balluff_bcs_g34ooi1_poc15d_ep02/;BCS00UF;;;;BCS G34OOI1-POC15D-EP02;4-6 недель;;дальность срабатывания регулируется;;
Емкостной датчик Balluff BCS G34OOI2-NSC15D-S04K;Уточнить цену;"Артикул; BCS G34OOI2-NSC15D-S04K; Код товара; BCS00UL; Срок поставки; 4-6 недель; Чувствительность; дальность срабатывания регулируется";https://balluff-rus.ru/catalog/emkostnye_datchiki/emkostnoy_datchik_balluff_bcs_g34ooi2_nsc15d_s04k/;BCS00UL;;;;BCS G34OOI2-NSC15D-S04K;4-6 недель;;дальность срабатывания регулируется;;
Емкостной датчик Balluff BCS M12B4I1-POC40D-EP02;Уточнить цену;"Артикул; BCS M12B4I1-POC40D-EP02; Код товара; BCS00P8; Срок поставки; 4-6 недель; Чувствительность; дальность срабатывания регулируется";https://balluff-rus.ru/catalog/emkostnye_datchiki/emkostnoy_datchik_balluff_bcs_m12b4i1_poc40d_ep02/;BCS00P8;;;;BCS M12B4I1-POC40D-EP02;4-6 недель;;дальность срабатывания регулируется;;
Емкостной датчик Balluff BCS M12BBI1-PSC40D-EP00,35-S04G;Уточнить цену;"Артикул; BCS M12BBI1-PSC40D-EP00,35-S04G; Код товара; BCS00TL; Срок поставки; 4-6 недель; Длина датчика, мм; 61";https://balluff-rus.ru/catalog/emkostnye_datchiki/emkostnoy_datchik_balluff_bcs_m12bbi1_psc40d_ep00_35_s04g/;BCS00TL;;;;BCS M12BBI1-PSC40D-EP00,35-S04G;4-6 недель;61;;;
Емкостной датчик Balluff BCS M18B4I3-NOC80D-S04K;Уточнить цену;"Артикул; BCS M18B4I3-NOC80D-S04K; Код товара; BCS00M6; Срок поставки; 4-6 недель; Чувствительность; дальность срабатывания регулируется";https://balluff-rus.ru/catalog/emkostnye_datchiki/emkostnoy_datchik_balluff_bcs_m18b4i3_noc80d_s04k/;BCS00M6;;;;BCS M18B4I3-NOC80D-S04K;4-6 недель;;дальность срабатывания регулируется;;
Емкостной датчик Balluff BCS M18B4I3-NSC80D-S04K;Уточнить цену;"Артикул; BCS M18B4I3-NSC80D-S04K; Код товара; BCS00M5; Срок поставки; 4-6 недель; Чувствительность; дальность срабатывания регулируется";https://balluff-rus.ru/catalog/emkostnye_datchiki/emkostnoy_datchik_balluff_bcs_m18b4i3_nsc80d_s04k/;BCS00M5;;;;BCS M18B4I3-NSC80D-S04K;4-6 недель;;дальность срабатывания регулируется;;
Емкостной датчик Balluff BCS M18B4N1-NSC80D-EP02;Уточнить цену;"Артикул; BCS M18B4N1-NSC80D-EP02; Код товара; BCS00LN; Срок поставки; 4-6 недель; Чувствительность; дальность срабатывания регулируется";https://balluff-rus.ru/catalog/emkostnye_datchiki/emkostnoy_datchik_balluff_bcs_m18b4n1_nsc80d_ep02/;BCS00LN;;;;BCS M18B4N1-NSC80D-EP02;4-6 недель;;дальность срабатывания регулируется;;
Емкостной датчик Balluff BCS M18BBI3-NOC80D-S04K;Уточнить цену;"Артикул; BCS M18BBI3-NOC80D-S04K; Код товара; BCS00MK; Срок поставки; 4-6 недель; Чувствительность; дальность срабатывания регулируется";https://balluff-rus.ru/catalog/emkostnye_datchiki/emkostnoy_datchik_balluff_bcs_m18bbi3_noc80d_s04k/;BCS00MK;;;;BCS M18BBI3-NOC80D-S04K;4-6 недель;;дальность срабатывания регулируется;;
Емкостной датчик Balluff BCS M30B4I2-NOC15D-S04K;Уточнить цену;"Артикул; BCS M30B4I2-NOC15D-S04K; Код товара; BCS00MW; Срок поставки; 4-6 недель; Чувствительность; дальность срабатывания регулируется";https://balluff-rus.ru/catalog/emkostnye_datchiki/emkostnoy_datchik_balluff_bcs_m30b4i2_noc15d_s04k/;BCS00MW;;;;BCS M30B4I2-NOC15D-S04K;4-6 недель;;дальность срабатывания регулируется;;
Емкостной датчик Balluff BCS M30B4I2-NSC15D-S04K;Уточнить цену;"Артикул; BCS M30B4I2-NSC15D-S04K; Код товара; BCS00MU; Срок поставки; 4-6 недель; Чувствительность; дальность срабатывания регулируется";https://balluff-rus.ru/catalog/emkostnye_datchiki/emkostnoy_datchik_balluff_bcs_m30b4i2_nsc15d_s04k/;BCS00MU;;;;BCS M30B4I2-NSC15D-S04K;4-6 недель;;дальность срабатывания регулируется;;
Емкостной датчик Balluff BCS M30B4I2-POC15D-S04K;Уточнить цену;"Артикул; BCS M30B4I2-POC15D-S04K; Код товара; BCS00MT; Срок поставки; 4-6 недель; Чувствительность; дальность срабатывания регулируется";https://balluff-rus.ru/catalog/emkostnye_datchiki/emkostnoy_datchik_balluff_bcs_m30b4i2_poc15d_s04k/;BCS00MT;;;;BCS M30B4I2-POC15D-S04K;4-6 недель;;дальность срабатывания регулируется;;
Емкостной датчик Balluff BCS M30BBI2-NOC15D-S04K;Уточнить цену;"Артикул; BCS M30BBI2-NOC15D-S04K; Код товара; BCS00NF; Срок поставки; 4-6 недель; Чувствительность; дальность срабатывания регулируется";https://balluff-rus.ru/catalog/emkostnye_datchiki/emkostnoy_datchik_balluff_bcs_m30bbi2_noc15d_s04k/;BCS00NF;;;;BCS M30BBI2-NOC15D-S04K;4-6 недель;;дальность срабатывания регулируется;;
Емкостной датчик Balluff BCS D22V4M1-POC10C-EV02;Уточнить цену;"Артикул; BCS D22V4M1-POC10C-EV02; Код товара; BCS0034; Срок поставки; 4-6 недель; Чувствительность; дальность срабатывания регулируется";https://balluff-rus.ru/catalog/emkostnye_datchiki/emkostnoy_datchik_balluff_bcs_d22v4m1_poc10c_ev02/;BCS0034;;;;BCS D22V4M1-POC10C-EV02;4-6 недель;;дальность срабатывания регулируется;;
Емкостной датчик Balluff BCS D30T401-NOC15C-EP02;Уточнить цену;"Артикул; BCS D30T401-NOC15C-EP02; Код товара; BCS003F; Срок поставки; 4-6 недель; Чувствительность; дальность срабатывания регулируется";https://balluff-rus.ru/catalog/emkostnye_datchiki/emkostnoy_datchik_balluff_bcs_d30t401_noc15c_ep02/;BCS003F;;;;BCS D30T401-NOC15C-EP02;4-6 недель;;дальность срабатывания регулируется;;
Емкостной датчик Balluff BCS G10T4H-NOM40C-EP02;Уточнить цену;"Артикул; BCS G10T4H-NOM40C-EP02; Код товара; BCS002Y; Срок поставки; 4-6 недель; Чувствительность; дальность срабатывания регулируется";https://balluff-rus.ru/catalog/emkostnye_datchiki/emkostnoy_datchik_balluff_bcs_g10t4h_nom40c_ep02/;BCS002Y;;;;BCS G10T4H-NOM40C-EP02;4-6 недель;;дальность срабатывания регулируется;;
Емкостной датчик Balluff BCS G34OOI2-POC15D-S04K;Уточнить цену;"Артикул; BCS G34OOI2-POC15D-S04K; Код товара; BCS00UK; Срок поставки; 4-6 недель; Чувствительность; дальность срабатывания регулируется";https://balluff-rus.ru/catalog/emkostnye_datchiki/emkostnoy_datchik_balluff_bcs_g34ooi2_poc15d_s04k/;BCS00UK;;;;BCS G34OOI2-POC15D-S04K;4-6 недель;;дальность срабатывания регулируется;;
Емкостной датчик Balluff BCS M12B4G2-NOC40D-S04K;Уточнить цену;"Артикул; BCS M12B4G2-NOC40D-S04K; Код товара; BCS00P3; Срок поставки; 4-6 недель; Чувствительность; дальность срабатывания регулируется";https://balluff-rus.ru/catalog/emkostnye_datchiki/emkostnoy_datchik_balluff_bcs_m12b4g2_noc40d_s04k/;BCS00P3;;;;BCS M12B4G2-NOC40D-S04K;4-6 недель;;дальность срабатывания регулируется;;
Емкостной датчик Balluff BCS M12BBG2-NSC40D-S04K;Уточнить цену;"Артикул; BCS M12BBG2-NSC40D-S04K; Код товара; BCS00PL; Срок поставки; 4-6 недель; Чувствительность; дальность срабатывания регулируется";https://balluff-rus.ru/catalog/emkostnye_datchiki/emkostnoy_datchik_balluff_bcs_m12bbg2_nsc40d_s04k/;BCS00PL;;;;BCS M12BBG2-NSC40D-S04K;4-6 недель;;дальность срабатывания регулируется;;
Емкостной датчик Balluff BCS M12BBI1-NOC40D-EP02;Уточнить цену;"Артикул; BCS M12BBI1-NOC40D-EP02; Код товара; BCS00PZ; Срок поставки; 4-6 недель; Чувствительность; дальность срабатывания регулируется";https://balluff-rus.ru/catalog/emkostnye_datchiki/emkostnoy_datchik_balluff_bcs_m12bbi1_noc40d_ep02/;BCS00PZ;;;;BCS M12BBI1-NOC40D-EP02;4-6 недель;;дальность срабатывания регулируется;;
Емкостной датчик Balluff BCS M12BBI1-NSC40D-EP03;Уточнить цену;"Артикул; BCS M12BBI1-NSC40D-EP03; Код товара; BCS00W8; Срок поставки; 4-6 недель; Чувствительность; дальность срабатывания регулируется";https://balluff-rus.ru/catalog/emkostnye_datchiki/emkostnoy_datchik_balluff_bcs_m12bbi1_nsc40d_ep03/;BCS00W8;;;;BCS M12BBI1-NSC40D-EP03;4-6 недель;;дальность срабатывания регулируется;;
Емкостной датчик Balluff BCS M12BBI1-POC40D-EP02;Уточнить цену;"Артикул; BCS M12BBI1-POC40D-EP02; Код товара; BCS00PW; Срок поставки; 4-6 недель; Чувствительность; дальность срабатывания регулируется";https://balluff-rus.ru/catalog/emkostnye_datchiki/emkostnoy_datchik_balluff_bcs_m12bbi1_poc40d_ep02/;BCS00PW;;;;BCS M12BBI1-POC40D-EP02;4-6 недель;;дальность срабатывания регулируется;;
Емкостной датчик Balluff BCS M12BBI1-PSC40D-EP03;Уточнить цену;"Артикул; BCS M12BBI1-PSC40D-EP03; Код товара; BCS00W6; Срок поставки; 4-6 недель; Чувствительность; дальность срабатывания регулируется";https://balluff-rus.ru/catalog/emkostnye_datchiki/emkostnoy_datchik_balluff_bcs_m12bbi1_psc40d_ep03/;BCS00W6;;;;BCS M12BBI1-PSC40D-EP03;4-6 недель;;дальность срабатывания регулируется;;
Емкостной датчик Balluff BCS M18B4N1-NOC80D-EP02;Уточнить цену;"Артикул; BCS M18B4N1-NOC80D-EP02; Код товара; BCS00LP; Срок поставки; 4-6 недель; Чувствительность; дальность срабатывания регулируется";https://balluff-rus.ru/catalog/emkostnye_datchiki/emkostnoy_datchik_balluff_bcs_m18b4n1_noc80d_ep02/;BCS00LP;;;;BCS M18B4N1-NOC80D-EP02;4-6 недель;;дальность срабатывания регулируется;;
Емкостной датчик Balluff BCS M30B4M2-NPM20C-S04G;Уточнить цену;"Артикул; BCS M30B4M2-NPM20C-S04G; Код товара; BCS004U; Срок поставки; 4-6 недель; Корпус; Резьбовой";https://balluff-rus.ru/catalog/emkostnye_datchiki/emkostnoy_datchik_balluff_bcs_m30b4m2_npm20c_s04g/;BCS004U;;;;BCS M30B4M2-NPM20C-S04G;4-6 недель;;;Резьбовой;
Емкостной датчик Balluff BCS D22T402-NSM60C-EP02;Уточнить цену;"Артикул; BCS D22T402-NSM60C-EP02; Код товара; BCS00HL; Срок поставки; 4-6 недель; Длина датчика, мм; 4";https://balluff-rus.ru/catalog/emkostnye_datchiki/emkostnoy_datchik_balluff_bcs_d22t402_nsm60c_ep02/;BCS00HL;;;;BCS D22T402-NSM60C-EP02;4-6 недель;4;;;
Емкостной датчик Balluff BCS D22T403-NSM60C-EP02;Уточнить цену;"Артикул; BCS D22T403-NSM60C-EP02; Код товара; BCS003J; Срок поставки; 4-6 недель; Длина датчика, мм; 4";https://balluff-rus.ru/catalog/emkostnye_datchiki/emkostnoy_datchik_balluff_bcs_d22t403_nsm60c_ep02/;BCS003J;;;;BCS D22T403-NSM60C-EP02;4-6 недель;4;;;
Емкостной датчик Balluff BCS D30B4M3-NPC20C-EP02;Уточнить цену;"Артикул; BCS D30B4M3-NPC20C-EP02; Код товара; BCS004J; Срок поставки; 4-6 недель; Чувствительность; дальность срабатывания регулируется";https://balluff-rus.ru/catalog/emkostnye_datchiki/emkostnoy_datchik_balluff_bcs_d30b4m3_npc20c_ep02/;BCS004J;;;;BCS D30B4M3-NPC20C-EP02;4-6 недель;;дальность срабатывания регулируется;;
Емкостной датчик Balluff BCS D30T401-NSC15C-EP02;Уточнить цену;"Артикул; BCS D30T401-NSC15C-EP02; Код товара; BCS003E; Срок поставки; 4-6 недель; Чувствительность; дальность срабатывания регулируется";https://balluff-rus.ru/catalog/emkostnye_datchiki/emkostnoy_datchik_balluff_bcs_d30t401_nsc15c_ep02/;BCS003E;;;;BCS D30T401-NSC15C-EP02;4-6 недель;;дальность срабатывания регулируется;;
Емкостной датчик Balluff BCS G34OOI1-NSC15D-EP02;Уточнить цену;"Артикул; BCS G34OOI1-NSC15D-EP02; Код товара; BCS00UH; Срок поставки; 4-6 недель; Чувствительность; дальность срабатывания регулируется";https://balluff-rus.ru/catalog/emkostnye_datchiki/emkostnoy_datchik_balluff_bcs_g34ooi1_nsc15d_ep02/;BCS00UH;;;;BCS G34OOI1-NSC15D-EP02;4-6 недель;;дальность срабатывания регулируется;;
Емкостной датчик Balluff BCS M08T4E1-NOM30G-EP02;Уточнить цену;"Артикул; BCS M08T4E1-NOM30G-EP02; Код товара; BCS002L; Срок поставки; 4-6 недель; Чувствительность; дальность срабатывания регулируется";https://balluff-rus.ru/catalog/emkostnye_datchiki/emkostnoy_datchik_balluff_bcs_m08t4e1_nom30g_ep02/;BCS002L;;;;BCS M08T4E1-NOM30G-EP02;4-6 недель;;дальность срабатывания регулируется;;
Емкостной датчик Balluff BCS M12B4I1-NOC40D-EP02;Уточнить цену;"Артикул; BCS M12B4I1-NOC40D-EP02; Код товара; BCS00PA; Срок поставки; 4-6 недель; Чувствительность; дальность срабатывания регулируется";https://balluff-rus.ru/catalog/emkostnye_datchiki/emkostnoy_datchik_balluff_bcs_m12b4i1_noc40d_ep02/;BCS00PA;;;;BCS M12B4I1-NOC40D-EP02;4-6 недель;;дальность срабатывания регулируется;;
Емкостной датчик Balluff BCS M12B4I1-NSC40D-EP02;Уточнить цену;"Артикул; BCS M12B4I1-NSC40D-EP02; Код товара; BCS00P9; Срок поставки; 4-6 недель; Чувствительность; дальность срабатывания регулируется";https://balluff-rus.ru/catalog/emkostnye_datchiki/emkostnoy_datchik_balluff_bcs_m12b4i1_nsc40d_ep02/;BCS00P9;;;;BCS M12B4I1-NSC40D-EP02;4-6 недель;;дальность срабатывания регулируется;;
Емкостной датчик Balluff BCS M12BBG2-NOC40D-S04K;Уточнить цену;"Артикул; BCS M12BBG2-NOC40D-S04K; Код товара; BCS00PM; Срок поставки; 4-6 недель; Чувствительность; дальность срабатывания регулируется";https://balluff-rus.ru/catalog/emkostnye_datchiki/emkostnoy_datchik_balluff_bcs_m12bbg2_noc40d_s04k/;BCS00PM;;;;BCS M12BBG2-NOC40D-S04K;4-6 недель;;дальность срабатывания регулируется;;
Емкостной датчик Balluff BCS M18BBI3-NSC80D-S04K;Уточнить цену;"Артикул; BCS M18BBI3-NSC80D-S04K; Код товара; BCS00MJ; Срок поставки; 4-6 недель; Чувствительность; дальность срабатывания регулируется";https://balluff-rus.ru/catalog/emkostnye_datchiki/emkostnoy_datchik_balluff_bcs_m18bbi3_nsc80d_s04k/;BCS00MJ;;;;BCS M18BBI3-NSC80D-S04K;4-6 недель;;дальность срабатывания регулируется;;
Емкостной датчик Balluff BCS M30B4I1-NSC15D-EP02;Уточнить цену;"Артикул; BCS M30B4I1-NSC15D-EP02; Код товара; BCS00N4; Срок поставки; 4-6 недель; Чувствительность; дальность срабатывания регулируется";https://balluff-rus.ru/catalog/emkostnye_datchiki/emkostnoy_datchik_balluff_bcs_m30b4i1_nsc15d_ep02/;BCS00N4;;;;BCS M30B4I1-NSC15D-EP02;4-6 недель;;дальность срабатывания регулируется;;
Емкостной датчик Balluff BCS M30B4I1-POC15D-EP02;Уточнить цену;"Артикул; BCS M30B4I1-POC15D-EP02; Код товара; BCS00N3; Срок поставки; 4-6 недель; Чувствительность; дальность срабатывания регулируется";https://balluff-rus.ru/catalog/emkostnye_datchiki/emkostnoy_datchik_balluff_bcs_m30b4i1_poc15d_ep02/;BCS00N3;;;;BCS M30B4I1-POC15D-EP02;4-6 недель;;дальность срабатывания регулируется;;
Емкостной датчик Balluff BCS M12T4D2-NOM40C-S04G;Уточнить цену;"Артикул; BCS M12T4D2-NOM40C-S04G; Код товара; BCS00AC; Срок поставки; 4-6 недель; Чувствительность; дальность срабатывания регулируется";https://balluff-rus.ru/catalog/emkostnye_datchiki/emkostnoy_datchik_balluff_bcs_m12t4d2_nom40c_s04g/;BCS00AC;;;;BCS M12T4D2-NOM40C-S04G;4-6 недель;;дальность срабатывания регулируется;;
Емкостной датчик Balluff BCS G06T4D2-NSM15C-S49G;Уточнить цену;"Артикул; BCS G06T4D2-NSM15C-S49G; Код товара; BCS001U; Срок поставки; 4-6 недель; Корпус; Цилиндрический";https://balluff-rus.ru/catalog/emkostnye_datchiki/emkostnoy_datchik_balluff_bcs_g06t4d2_nsm15c_s49g/;BCS001U;;;;BCS G06T4D2-NSM15C-S49G;4-6 недель;;;Цилиндрический;
Емкостной датчик Balluff BCS M08T4E2-NOM15C-S49G;Уточнить цену;"Артикул; BCS M08T4E2-NOM15C-S49G; Код товара; BCS002F; Срок поставки; 4-6 недель; Чувствительность; дальность срабатывания регулируется";https://balluff-rus.ru/catalog/emkostnye_datchiki/emkostnoy_datchik_balluff_bcs_m08t4e2_nom15c_s49g/;BCS002F;;;;BCS M08T4E2-NOM15C-S49G;4-6 недель;;дальность срабатывания регулируется;;
Емкостной датчик Balluff BCS M08T4E1-NOM15C-EP02;Уточнить цену;"Артикул; BCS M08T4E1-NOM15C-EP02; Код товара; BCS0029; Срок поставки; 4-6 недель; Чувствительность; дальность срабатывания регулируется";https://balluff-rus.ru/catalog/emkostnye_datchiki/emkostnoy_datchik_balluff_bcs_m08t4e1_nom15c_ep02/;BCS0029;;;;BCS M08T4E1-NOM15C-EP02;4-6 недель;;дальность срабатывания регулируется;;
Емкостной датчик Balluff BCS M12T4G1-NOM40C-EP02;Уточнить цену;"Артикул; BCS M12T4G1-NOM40C-EP02; Код товара; BCS0032; Срок поставки; 4-6 недель; Чувствительность; дальность срабатывания регулируется";https://balluff-rus.ru/catalog/emkostnye_datchiki/emkostnoy_datchik_balluff_bcs_m12t4g1_nom40c_ep02/;BCS0032;;;;BCS M12T4G1-NOM40C-EP02;4-6 недель;;дальность срабатывания регулируется;;
Емкостной датчик Balluff BCS G06T4D2-NOM15C-S49G;Уточнить цену;"Артикул; BCS G06T4D2-NOM15C-S49G; Код товара; BCS001W; Срок поставки; 4-6 недель; Чувствительность; дальность срабатывания регулируется";https://balluff-rus.ru/catalog/emkostnye_datchiki/emkostnoy_datchik_balluff_bcs_g06t4d2_nom15c_s49g/;BCS001W;;;;BCS G06T4D2-NOM15C-S49G;4-6 недель;;дальность срабатывания регулируется;;
Емкостной датчик Balluff BCS G10T4H-NSM40C-EP02;Уточнить цену;"Артикул; BCS G10T4H-NSM40C-EP02; Код товара; BCS002W; Срок поставки; 4-6 недель; Чувствительность; дальность срабатывания регулируется";https://balluff-rus.ru/catalog/emkostnye_datchiki/emkostnoy_datchik_balluff_bcs_g10t4h_nsm40c_ep02/;BCS002W;;;;BCS G10T4H-NSM40C-EP02;4-6 недель;;дальность срабатывания регулируется;;
Емкостной датчик Balluff BCS G06T4E1-NOM15C-EP02;Уточнить цену;"Артикул; BCS G06T4E1-NOM15C-EP02; Код товара; BCS001P; Срок поставки; 4-6 недель; Чувствительность; дальность срабатывания регулируется";https://balluff-rus.ru/catalog/emkostnye_datchiki/emkostnoy_datchik_balluff_bcs_g06t4e1_nom15c_ep02/;BCS001P;;;;BCS G06T4E1-NOM15C-EP02;4-6 недель;;дальность срабатывания регулируется;;
Емкостной датчик Balluff BCS G10T4H-POM40C-EP02;Уточнить цену;"Артикул; BCS G10T4H-POM40C-EP02; Код товара; BCS002U; Срок поставки; 4-6 недель; Чувствительность; дальность срабатывания регулируется";https://balluff-rus.ru/catalog/emkostnye_datchiki/emkostnoy_datchik_balluff_bcs_g10t4h_pom40c_ep02/;BCS002U;;;;BCS G10T4H-POM40C-EP02;4-6 недель;;дальность срабатывания регулируется;;
Емкостной датчик Balluff BCS M18KM3-UST80G-BV02;Уточнить цену;"Артикул; BCS M18KM3-UST80G-BV02; Код товара; BCS000K; Срок поставки; 4-6 недель; Чувствительность; дальность срабатывания регулируется";https://balluff-rus.ru/catalog/emkostnye_datchiki/emkostnoy_datchik_balluff_bcs_m18km3_ust80g_bv02/;BCS000K;;;;BCS M18KM3-UST80G-BV02;4-6 недель;;дальность срабатывания регулируется;;
Емкостной датчик Balluff BCS M30KN2-UST15G-AV02;Уточнить цену;"Артикул; BCS M30KN2-UST15G-AV02; Код товара; BCS000W; Срок поставки; 4-6 недель; Чувствительность; дальность срабатывания регулируется";https://balluff-rus.ru/catalog/emkostnye_datchiki/emkostnoy_datchik_balluff_bcs_m30kn2_ust15g_av02/;BCS000W;;;;BCS M30KN2-UST15G-AV02;4-6 недель;;дальность срабатывания регулируется;;
Емкостной датчик Balluff BCS G20L4Q-PAC10C-EV03-D03;Уточнить цену;"Артикул; BCS G20L4Q-PAC10C-EV03-D03; Код товара; BCS00W7; Срок поставки; 4-6 недель; Чувствительность; дальность срабатывания регулируется";https://balluff-rus.ru/catalog/emkostnye_datchiki/emkostnoy_datchik_balluff_bcs_g20l4q_pac10c_ev03_d03/;BCS00W7;;;;BCS G20L4Q-PAC10C-EV03-D03;4-6 недель;;дальность срабатывания регулируется;;
Емкостной датчик Balluff BCS G34KN2-UST20G-AV02;Уточнить цену;"Артикул; BCS G34KN2-UST20G-AV02; Код товара; BCS0007; Срок поставки; 4-6 недель; Чувствительность; дальность срабатывания регулируется";https://balluff-rus.ru/catalog/emkostnye_datchiki/emkostnoy_datchik_balluff_bcs_g34kn2_ust20g_av02/;BCS0007;;;;BCS G34KN2-UST20G-AV02;4-6 недель;;дальность срабатывания регулируется;;
Емкостной датчик Balluff BCS M18KM3-UOT80G-BV02;Уточнить цену;"Артикул; BCS M18KM3-UOT80G-BV02; Код товара; BCS000J; Срок поставки; 4-6 недель; Чувствительность; дальность срабатывания регулируется";https://balluff-rus.ru/catalog/emkostnye_datchiki/emkostnoy_datchik_balluff_bcs_m18km3_uot80g_bv02/;BCS000J;;;;BCS M18KM3-UOT80G-BV02;4-6 недель;;дальность срабатывания регулируется;;
Емкостной датчик Balluff BCS M30KN2-UOT15G-AV02;Уточнить цену;"Артикул; BCS M30KN2-UOT15G-AV02; Код товара; BCS000U; Срок поставки; 4-6 недель; Чувствительность; дальность срабатывания регулируется";https://balluff-rus.ru/catalog/emkostnye_datchiki/emkostnoy_datchik_balluff_bcs_m30kn2_uot15g_av02/;BCS000U;;;;BCS M30KN2-UOT15G-AV02;4-6 недель;;дальность срабатывания регулируется;;
Емкостной датчик Balluff BCW M18B4M1-ICM80C-DV02;Уточнить цену;"Артикул; BCW M18B4M1-ICM80C-DV02; Код товара; BCW0001; Срок поставки; 4-6 недель; Аналоговый выход по току, мА; 20…4";https://balluff-rus.ru/catalog/emkostnye_datchiki/emkostnoy_datchik_balluff_bcw_m18b4m1_icm80c_dv02/;BCW0001;;;;BCW M18B4M1-ICM80C-DV02;4-6 недель;;;;20…4
Емкостной датчик Balluff BCS Z094401-XXS20B-SZ02-T07;Уточнить цену;"Артикул; BCS Z094401-XXS20B-SZ02-T07; Код товара; BCS013E; Срок поставки; 4-6 недель; Чувствительность; регулируется на базовом устройстве";https://balluff-rus.ru/catalog/emkostnye_datchiki/emkostnoy_datchik_balluff_bcs_z094401_xxs20b_sz02_t07/;BCS013E;;;;BCS Z094401-XXS20B-SZ02-T07;4-6 недель;;регулируется на базовом устройстве;;
Емкостной датчик Balluff BCS D18T404-XXS50C-EP02-GZ01-002;Уточнить цену;"Артикул; BCS D18T404-XXS50C-EP02-GZ01-002; Код товара; BCS001C; Срок поставки; 4-6 недель; Чувствительность; регулируется на базовом устройстве";https://balluff-rus.ru/catalog/emkostnye_datchiki/emkostnoy_datchik_balluff_bcs_d18t404_xxs50c_ep02_gz01_002/;BCS001C;;;;BCS D18T404-XXS50C-EP02-GZ01-002;4-6 недель;;регулируется на базовом устройстве;;
Емкостной датчик Balluff BCS D22T405-XXS10C-EP02-GZ01-002;Уточнить цену;"Артикул; BCS D22T405-XXS10C-EP02-GZ01-002; Код товара; BCS001F; Срок поставки; 4-6 недель; Чувствительность; регулируется на базовом устройстве";https://balluff-rus.ru/catalog/emkostnye_datchiki/emkostnoy_datchik_balluff_bcs_d22t405_xxs10c_ep02_gz01_002/;BCS001F;;;;BCS D22T405-XXS10C-EP02-GZ01-002;4-6 недель;;регулируется на базовом устройстве;;
Емкостной датчик Balluff BCS D30T406-XXS15C-EP02-GZ01-002;Уточнить цену;"Артикул; BCS D30T406-XXS15C-EP02-GZ01-002; Код товара; BCS001J; Срок поставки; 4-6 недель; Чувствительность; регулируется на базовом устройстве";https://balluff-rus.ru/catalog/emkostnye_datchiki/emkostnoy_datchik_balluff_bcs_d30t406_xxs15c_ep02_gz01_002/;BCS001J;;;;BCS D30T406-XXS15C-EP02-GZ01-002;4-6 недель;;регулируется на базовом устройстве;;
Емкостной датчик Balluff BCS G04T4D-XXS10C-EP02-GZ01-002;Уточнить цену;"Артикул; BCS G04T4D-XXS10C-EP02-GZ01-002; Код товара; BCS0010; Срок поставки; 4-6 недель; Чувствительность; регулируется на базовом устройстве";https://balluff-rus.ru/catalog/emkostnye_datchiki/emkostnoy_datchik_balluff_bcs_g04t4d_xxs10c_ep02_gz01_002/;BCS0010;;;;BCS G04T4D-XXS10C-EP02-GZ01-002;4-6 недель;;регулируется на базовом устройстве;;
Емкостной датчик Balluff BCS G06T4B-XXS15C-EP02-GZ01-002;Уточнить цену;"Артикул; BCS G06T4B-XXS15C-EP02-GZ01-002; Код товара; BCS0012; Срок поставки; 4-6 недель; Чувствительность; регулируется на базовом устройстве";https://balluff-rus.ru/catalog/emkostnye_datchiki/emkostnoy_datchik_balluff_bcs_g06t4b_xxs15c_ep02_gz01_002/;BCS0012;;;;BCS G06T4B-XXS15C-EP02-GZ01-002;4-6 недель;;регулируется на базовом устройстве;;
Емкостной датчик Balluff BCS M08T4C-XXS15C-EP02-GZ01-002;Уточнить цену;"Артикул; BCS M08T4C-XXS15C-EP02-GZ01-002; Код товара; BCS0014; Срок поставки; 4-6 недель; Чувствительность; регулируется на базовом устройстве";https://balluff-rus.ru/catalog/emkostnye_datchiki/emkostnoy_datchik_balluff_bcs_m08t4c_xxs15c_ep02_gz01_002/;BCS0014;;;;BCS M08T4C-XXS15C-EP02-GZ01-002;4-6 недель;;регулируется на базовом устройстве;;
Емкостной датчик Balluff BCS M12T4D-XXS40C-EP02-GZ01-002;Уточнить цену;"Артикул; BCS M12T4D-XXS40C-EP02-GZ01-002; Код товара; BCS0018; Срок поставки; 4-6 недель; Чувствительность; регулируется на базовом устройстве";https://balluff-rus.ru/catalog/emkostnye_datchiki/emkostnoy_datchik_balluff_bcs_m12t4d_xxs40c_ep02_gz01_002/;BCS0018;;;;BCS M12T4D-XXS40C-EP02-GZ01-002;4-6 недель;;регулируется на базовом устройстве;;
Емкостной датчик Balluff BCS D18T403-XXS30C-EP02-GZ01-002;Уточнить цену;"Артикул; BCS D18T403-XXS30C-EP02-GZ01-002; Код товара; BCS001A; Срок поставки; 4-6 недель; Чувствительность; регулируется на базовом устройстве";https://balluff-rus.ru/catalog/emkostnye_datchiki/emkostnoy_datchik_balluff_bcs_d18t403_xxs30c_ep02_gz01_002/;BCS001A;;;;BCS D18T403-XXS30C-EP02-GZ01-002;4-6 недель;;регулируется на базовом устройстве;;
Емкостной датчик Balluff BCS G10T4B-XXS40C-EP02-GZ01-002;Уточнить цену;"Артикул; BCS G10T4B-XXS40C-EP02-GZ01-002; Код товара; BCS0016; Срок поставки; 4-6 недель; Чувствительность; регулируется на базовом устройстве";https://balluff-rus.ru/catalog/emkostnye_datchiki/emkostnoy_datchik_balluff_bcs_g10t4b_xxs40c_ep02_gz01_002/;BCS0016;;;;BCS G10T4B-XXS40C-EP02-GZ01-002;4-6 недель;;регулируется на базовом устройстве;;
Емкостной датчик Balluff BCS D18T407-XXS50C-EP02-GZ01-002;Уточнить цену;"Артикул; BCS D18T407-XXS50C-EP02-GZ01-002; Код товара; BCS001E; Срок поставки; 4-6 недель; Чувствительность; регулируется на базовом устройстве";https://balluff-rus.ru/catalog/emkostnye_datchiki/emkostnoy_datchik_balluff_bcs_d18t407_xxs50c_ep02_gz01_002/;BCS001E;;;;BCS D18T407-XXS50C-EP02-GZ01-002;4-6 недель;;регулируется на базовом устройстве;;
Емкостной датчик Balluff BCS D22T408-XXS10C-EP02-GZ01-002;Уточнить цену;"Артикул; BCS D22T408-XXS10C-EP02-GZ01-002; Код товара; BCS001H; Срок поставки; 4-6 недель; Чувствительность; регулируется на базовом устройстве";https://balluff-rus.ru/catalog/emkostnye_datchiki/emkostnoy_datchik_balluff_bcs_d22t408_xxs10c_ep02_gz01_002/;BCS001H;;;;BCS D22T408-XXS10C-EP02-GZ01-002;4-6 недель;;регулируется на базовом устройстве;;
Емкостной датчик Balluff BCS D30T409-XXS15C-EP02-GZ01-002;Уточнить цену;"Артикул; BCS D30T409-XXS15C-EP02-GZ01-002; Код товара; BCS001K; Срок поставки; 4-6 недель; Чувствительность; регулируется на базовом устройстве";https://balluff-rus.ru/catalog/emkostnye_datchiki/emkostnoy_datchik_balluff_bcs_d30t409_xxs15c_ep02_gz01_002/;BCS001K;;;;BCS D30T409-XXS15C-EP02-GZ01-002;4-6 недель;;регулируется на базовом устройстве;;
Емкостной датчик Balluff BCS M05T4C-XXS10C-EP02-GZ01-002;Уточнить цену;"Артикул; BCS M05T4C-XXS10C-EP02-GZ01-002; Код товара; BCS0011; Срок поставки; 4-6 недель; Чувствительность; регулируется на базовом устройстве";https://balluff-rus.ru/catalog/emkostnye_datchiki/emkostnoy_datchik_balluff_bcs_m05t4c_xxs10c_ep02_gz01_002/;BCS0011;;;;BCS M05T4C-XXS10C-EP02-GZ01-002;4-6 недель;;регулируется на базовом устройстве;;
