name;price;art;description;info;link;"Расстояние срабатывания номинальное (Sn)";"Расстояние срабатывания эффективное (Sr)";"Способ подключения";"Способ монтажа";"Рабочая температура";"Тип выхода";"Функция выхода";"Частота переключения максимальная (f)";"Повторяемость максимальная (R), от Sr";"Гистерезис максимальный (H), от Sr";Длина;"Длина кабеля";"Размеры упаковки";"Масса, не более";"Категория применения";"Коммутируемая мощность";"Коммутируемое напряжение";"Коммутируемый ток";"Покрытие корпуса";"Материал корпуса";"Ударная нагрузка полусинусоидальная";"Вибрационная нагрузка";"Момент затяжки гаек, не более";"Степень защиты по IEC 60529";"Технический паспорт";"В комплекте две крепежные гайки под ключ 17.";PS9M-1;"Индукция отпускания";"Индукция срабатывания";"Напряжение питания номинальное (Ue)";"Напряжение питания рабочее";"Ток нагрузки максимальный (Ie)";"Ток потребления вкл./выкл.";"Уровень пульсаций (%Ue)";"Задержка после включения питания (tv)";"Емкость нагрузки максимальная (при Ue)";"Индикатор состояния выхода (LED)";"Защита от короткого замыкания";"Защита от переполюсовки";"При заказе от 10 шт. ключ S1,5 в подарок.";"Расстояние срабатывания рабочее (Sa)";"Пропускаемый ток максимальный";"В комплекте две крепежные гайки под ключ 24 и кронштейн PS9K-18M-1P.";"Магнитная индукция";"Гистерезис срабатывания";"Диаметр поплавка";"Плотность жидкости";"Материал поплавка";Примечание
PS5-12M33-10N105-K;"648 руб.";4673759507531;"Датчик магниточувствительный герконовый датчик в цилиндрическом корпусе с резьбой М12х1 длиной 33 мм.
Расстояние срабатывания: 10 мм
Частота переключения максимальная: 400 Гц
Тип выхода: геркон
Функция выхода: замыкающий, NO
Рабочая температура: -25...+70 °C
Степень защиты по IEC 60529: IP67
Способ подключения: кабель ПВХ 5,5 мм/2x0,35/ 2 м";"Расстояние срабатывания номинальное (Sn); 10 мм;Расстояние срабатывания эффективное (Sr); (0,9…1,1)Sn;Способ подключения; кабель ПВХ 5,5 мм/2x0,35/ 2 м;Способ монтажа; заподлицо;Рабочая температура; -25...+70 °C;Тип выхода; Геркон;Функция выхода; замыкающий, NO;Частота переключения максимальная (f); 400 Гц;Повторяемость максимальная (R), от Sr; 5%;Гистерезис максимальный (H), от Sr; 15%;Длина; 33 мм;Длина кабеля; 2 м;Размеры упаковки; 90x80x25 мм;Масса, не более; 0,1 кг;Категория применения; DC13;Коммутируемая мощность; 10 Вт;Коммутируемое напряжение; 100 В;Коммутируемый ток; 0,5 А;Покрытие корпуса; никель;Материал корпуса; латунь;Ударная нагрузка полусинусоидальная; 30 gn, 11 мс;Вибрационная нагрузка; 55 Гц, 1 мм, 3x30 мин;Момент затяжки гаек, не более; 1,5 кг м;Степень защиты по IEC 60529; IP67;Технический паспорт;Примечание; В комплекте две крепежные гайки под ключ 17.;Магнитный инициатор; PS9M-1;";https://mega-k.com/products/ps5-12m33-10n105-k;"10 мм";(0,9…1,1)Sn;"кабель ПВХ 5,5 мм/2x0,35/ 2 м";заподлицо;"-25...+70 °C";Геркон;"замыкающий, NO";"400 Гц";5%;15%;"33 мм";"2 м";"90x80x25 мм";"0,1 кг";DC13;"10 Вт";"100 В";"0,5 А";никель;латунь;"30 gn, 11 мс";"55 Гц, 1 мм, 3x30 мин";"1,5 кг м";IP67;Примечание;"Магнитный инициатор";;;;;;;;;;;;;;;;;;;;;;;
PS5-12M33-10N105-K3A2;"972 руб.";4673759507548;"Датчик магниточувствительный герконовый датчик в цилиндрическом корпусе с резьбой М12х1 длиной 33 мм.
Расстояние срабатывания: 10 мм
Частота переключения максимальная: 400 Гц
Тип выхода: геркон
Функция выхода: замыкающий, NO
Рабочая температура: -25...+70 °C
Степень защиты по IEC 60529: IP67
Способ подключения: разъем Superseal 1,5 (2-контактный), кабель 3 м";"Расстояние срабатывания номинальное (Sn); 10 мм;Расстояние срабатывания эффективное (Sr); (0,9…1,1)Sn;Способ подключения; разъем Superseal 1,5 (2-контактный);Способ монтажа; заподлицо;Рабочая температура; -25...+70 °C;Тип выхода; Геркон;Функция выхода; замыкающий, NO;Частота переключения максимальная (f); 400 Гц;Повторяемость максимальная (R), от Sr; 5%;Гистерезис максимальный (H), от Sr; 15%;Длина; 33 мм;Длина кабеля; 3 м;Размеры упаковки; 90x80x25 мм;Масса, не более; 0,15 кг;Категория применения; DC13;Коммутируемая мощность; 10 Вт;Коммутируемое напряжение; 100 В;Коммутируемый ток; 0,5 А;Покрытие корпуса; никель;Материал корпуса; латунь;Ударная нагрузка полусинусоидальная; 30 gn, 11 мс;Вибрационная нагрузка; 55 Гц, 1 мм, 3x30 мин;Момент затяжки гаек, не более; 1,5 кг м;Степень защиты по IEC 60529; IP67;Технический паспорт;Примечание; В комплекте две крепежные гайки под ключ 17.;Магнитный инициатор; PS9M-1;";https://mega-k.com/products/ps5-12m33-10n105-k3a2;"10 мм";(0,9…1,1)Sn;"разъем Superseal 1,5 (2-контактный)";заподлицо;"-25...+70 °C";Геркон;"замыкающий, NO";"400 Гц";5%;15%;"33 мм";"3 м";"90x80x25 мм";"0,15 кг";DC13;"10 Вт";"100 В";"0,5 А";никель;латунь;"30 gn, 11 мс";"55 Гц, 1 мм, 3x30 мин";"1,5 кг м";IP67;Примечание;"Магнитный инициатор";;;;;;;;;;;;;;;;;;;;;;;
PS5-12M33-B11-K;"660 руб.";4673759507562;"Датчик магниточувствительный герконовый датчик в цилиндрическом корпусе с резьбой М12х1 длиной 33 мм.
Рабочее напряжение питания: 10...30 V DC
Ток нагрузки максимальный: 0,3 А
Частота переключения максимальная: 20 кГц
Ток потребления вкл./выкл.: не более 0,018 А
Тип выхода: PNP
Функция выхода: замыкающий, NO
Рабочая температура: -25...+75 °C
Степень защиты по IEC 60529: IP67
Способ подключения: кабель ПВХ 5,5 мм/3x0,35/ 2 м";"Расстояние срабатывания эффективное (Sr); (0,9…1,1)Sn;Способ подключения; кабель ПВХ 5,5 мм/3x0,35/ 2 м;Способ монтажа; заподлицо;Рабочая температура; -25...+75 °C;Тип выхода; PNP;Функция выхода; замыкающий, NO;Частота переключения максимальная (f); 20 кГц;Повторяемость максимальная (R), от Sr; 5%;Гистерезис максимальный (H), от Sr; 15%;Длина; 33 мм;Длина кабеля; 2 м;Размеры упаковки; 90x80x25 мм;Индукция отпускания; 10 мТл;Индукция срабатывания; 55 мТл;Масса, не более; 0,1 кг;Напряжение питания номинальное (Ue); 24 В;Напряжение питания рабочее; 10...30 V DC;Ток нагрузки максимальный (Ie); 0,3 А;Ток потребления вкл./выкл.; 0,018 А;Уровень пульсаций (%Ue); 10%;Задержка после включения питания (tv); 50 мс;Емкость нагрузки максимальная (при Ue); 0,22 мкФ;Категория применения; DC13;Покрытие корпуса; никель;Материал корпуса; латунь;Ударная нагрузка полусинусоидальная; 30 gn, 11 мс;Вибрационная нагрузка; 55 Гц, 1 мм, 3x30 мин;Момент затяжки гаек, не более; 1,5 кг м;Индикатор состояния выхода (LED); красный;Степень защиты по IEC 60529; IP67;Защита от короткого замыкания; есть;Защита от переполюсовки; есть;Технический паспорт;Примечание; В комплекте две крепежные гайки под ключ 17.;";https://mega-k.com/products/ps5-12m33-b11-k;;(0,9…1,1)Sn;"кабель ПВХ 5,5 мм/3x0,35/ 2 м";заподлицо;"-25...+75 °C";PNP;"замыкающий, NO";"20 кГц";5%;15%;"33 мм";"2 м";"90x80x25 мм";"0,1 кг";DC13;;;;никель;латунь;"30 gn, 11 мс";"55 Гц, 1 мм, 3x30 мин";"1,5 кг м";IP67;Примечание;;;"10 мТл";"55 мТл";"24 В";"10...30 V DC";"0,3 А";"0,018 А";10%;"50 мс";"0,22 мкФ";красный;есть;есть;;;;;;;;;;
PS5-12M33-B21-K;"660 руб.";4673759507586;"Датчик магниточувствительный герконовый датчик в цилиндрическом корпусе с резьбой М12х1 длиной 33 мм.
Рабочее напряжение питания: 10...30 V DC
Ток нагрузки максимальный: 0,3 А
Частота переключения максимальная: 20 кГц
Ток потребления вкл./выкл.: не более 0,018 А
Тип выхода: NPN
Функция выхода: замыкающий, NO
Рабочая температура: -25...+75 °C
Степень защиты по IEC 60529: IP67
Способ подключения: кабель ПВХ 5,5 мм/3x0,35/ 2 м";"Расстояние срабатывания эффективное (Sr); (0,9…1,1)Sn;Способ подключения; кабель ПВХ 5,5 мм/3x0,35/ 2 м;Способ монтажа; заподлицо;Рабочая температура; -25...+75 °C;Тип выхода; NPN;Функция выхода; замыкающий, NO;Частота переключения максимальная (f); 20 кГц;Повторяемость максимальная (R), от Sr; 5%;Гистерезис максимальный (H), от Sr; 15%;Длина; 33 мм;Длина кабеля; 2 м;Размеры упаковки; 90x80x25 мм;Индукция отпускания; 10 мТл;Индукция срабатывания; 55 мТл;Масса, не более; 0,1 кг;Напряжение питания номинальное (Ue); 24 В;Напряжение питания рабочее; 10...30 V DC;Ток нагрузки максимальный (Ie); 0,3 А;Ток потребления вкл./выкл.; 0,018 А;Уровень пульсаций (%Ue); 10%;Задержка после включения питания (tv); 50 мс;Емкость нагрузки максимальная (при Ue); 0,22 мкФ;Категория применения; DC13;Покрытие корпуса; никель;Материал корпуса; латунь;Ударная нагрузка полусинусоидальная; 30 gn, 11 мс;Вибрационная нагрузка; 55 Гц, 1 мм, 3x30 мин;Момент затяжки гаек, не более; 1,5 кг м;Индикатор состояния выхода (LED); красный;Степень защиты по IEC 60529; IP67;Защита от короткого замыкания; есть;Защита от переполюсовки; есть;Технический паспорт;Примечание; В комплекте две крепежные гайки под ключ 17.;";https://mega-k.com/products/ps5-12m33-b21-k;;(0,9…1,1)Sn;"кабель ПВХ 5,5 мм/3x0,35/ 2 м";заподлицо;"-25...+75 °C";NPN;"замыкающий, NO";"20 кГц";5%;15%;"33 мм";"2 м";"90x80x25 мм";"0,1 кг";DC13;;;;никель;латунь;"30 gn, 11 мс";"55 Гц, 1 мм, 3x30 мин";"1,5 кг м";IP67;Примечание;;;"10 мТл";"55 мТл";"24 В";"10...30 V DC";"0,3 А";"0,018 А";10%;"50 мс";"0,22 мкФ";красный;есть;есть;;;;;;;;;;
PS5-42-105-K;"744 руб.";4673759507593;"Датчик магниточувствительный бесконтактный датчик с поляризованным герконом осуществляет функцию включения/выключения. Основное назначение - определение положения поршня через стенку пневмоцилиндра.
Коммутирующее напряжение максимальное: 100 В
Коммутирующий ток максимальный: 100 мА
Коммутируемая мощность: 10 Вт
Частота переключения максимальная: 400 Гц
Тип выхода: геркон, замыкающий (NO)
Диапазон рабочих температур: -25...+75 °C
Степень защиты: IP67
Подключение: кабель ПВХ 3 мм/2x0,12/ 2 м";"Расстояние срабатывания номинальное (Sn); 10 мм;Способ подключения; кабель ПВХ 3 мм/2x0,12/ 2 м;Рабочая температура; -25...+75 °C;Тип выхода; Геркон;Функция выхода; замыкающий, NO;Частота переключения максимальная (f); 400 Гц;Длина кабеля; 2 м;Размеры упаковки; 100x105x40 мм;Масса, не более; 0,04 кг;Ток нагрузки максимальный (Ie); 0,1 А;Категория применения; DC13;Коммутируемая мощность; 10 Вт;Коммутируемое напряжение; 100 В;Коммутируемый ток; 0,1 А;Материал корпуса; сополимер АБС;Ударная нагрузка полусинусоидальная; 30 gn, 11 мс;Вибрационная нагрузка; 55 Гц, 1 мм, 3x30 мин;Индикатор состояния выхода (LED); красный;Степень защиты по IEC 60529; IP67;Технический паспорт;Примечание; При заказе от 10 шт. ключ S1,5 в подарок.;";https://mega-k.com/products/ps5-42-105-k;"10 мм";;"кабель ПВХ 3 мм/2x0,12/ 2 м";;"-25...+75 °C";Геркон;"замыкающий, NO";"400 Гц";;;;"2 м";"100x105x40 мм";"0,04 кг";DC13;"10 Вт";"100 В";"0,1 А";;"сополимер АБС";"30 gn, 11 мс";"55 Гц, 1 мм, 3x30 мин";;IP67;Примечание;;;;;;;"0,1 А";;;;;красный;;;;;;;;;;;;
PS5-43-10N105-K;"684 руб.";4673759507609;"Датчик магниточувствительный бесконтактный датчик с поляризованным герконом осуществляет функцию включения/выключения. Предназначен для работы с магнитным инициатором PS9M-43-1.
Расстояние срабатывания: 10 мм
Гарантированный интервал: 0...10 мм
Коммутирующее напряжение максимальное: 100 В
Коммутирующий ток максимальный: 500 мА
Коммутируемая мощность: 10 Вт
Частота переключения максимальная: 400 Гц
Тип выхода: геркон, замыкающий (NO)
Диапазон рабочих температур: -25...+75 °C
Степень защиты: IP65
Подключение: кабель ПВХ 3,7х5,9 мм/2x0,5/ 0,3м";"Расстояние срабатывания номинальное (Sn); 14 мм;Расстояние срабатывания рабочее (Sa); 0...10 мм;Способ подключения; кабель ПВХ 3,7х5,9 мм/2x0,5/ 2 м;Способ монтажа; не заподлицо;Рабочая температура; -25...+75 °C;Тип выхода; Геркон;Функция выхода; замыкающий, NO;Частота переключения максимальная (f); 400 Гц;Повторяемость максимальная (R), от Sr; 5%;Гистерезис максимальный (H), от Sr; 15%;Длина кабеля; 2 м;Размеры упаковки; 90x30x10 мм;Масса, не более; 0,2 кг;Ток нагрузки максимальный (Ie); 0,5 А;Коммутируемая мощность; 10 Вт;Коммутируемое напряжение; 100 В;Коммутируемый ток; 0,5 А;Материал корпуса; сополимер АБС;Степень защиты по IEC 60529; IP65;Технический паспорт;";https://mega-k.com/products/ps5-43-10n105-k;"14 мм";;"кабель ПВХ 3,7х5,9 мм/2x0,5/ 2 м";"не заподлицо";"-25...+75 °C";Геркон;"замыкающий, NO";"400 Гц";5%;15%;;"2 м";"90x30x10 мм";"0,2 кг";;"10 Вт";"100 В";"0,5 А";;"сополимер АБС";;;;IP65;;;;;;;;"0,5 А";;;;;;;;;"0...10 мм";;;;;;;;
PS5-43-10N105-K03;"456 руб.";4673759507616;"Датчик магниточувствительный герконовый датчик.
Расстояние срабатывания: 10 мм
Способ монтажа: не заподлицо
Частота переключения максимальная: 400 Гц
Рабочая температура: -25...+75 °C
Степень защиты по IEC 60529: IP65
Способ подключения: кабель ПВХ 3,7х5,9 мм/2x0,5/ 0,3 м";"Расстояние срабатывания номинальное (Sn); 14 мм;Расстояние срабатывания рабочее (Sa); 0...10 мм;Способ подключения; кабель ПВХ 3,7х5,9 мм/2x0,5/ 0,3 м;Способ монтажа; не заподлицо;Рабочая температура; -25...+75 °C;Тип выхода; Геркон;Функция выхода; замыкающий, NO;Частота переключения максимальная (f); 400 Гц;Повторяемость максимальная (R), от Sr; 5%;Гистерезис максимальный (H), от Sr; 15%;Длина кабеля; 0,3 м;Размеры упаковки; 90x30x10 мм;Масса, не более; 0,2 кг;Ток нагрузки максимальный (Ie); 0,5 А;Коммутируемая мощность; 10 Вт;Коммутируемое напряжение; 100 В;Коммутируемый ток; 0,5 А;Материал корпуса; сополимер АБС;Степень защиты по IEC 60529; IP65;Технический паспорт;";https://mega-k.com/products/ps5-43-10n105-k03;"14 мм";;"кабель ПВХ 3,7х5,9 мм/2x0,5/ 0,3 м";"не заподлицо";"-25...+75 °C";Геркон;"замыкающий, NO";"400 Гц";5%;15%;;"0,3 м";"90x30x10 мм";"0,2 кг";;"10 Вт";"100 В";"0,5 А";;"сополимер АБС";;;;IP65;;;;;;;;"0,5 А";;;;;;;;;"0...10 мм";;;;;;;;
PS5-43-10N115-K;"684 руб.";4673759514720;"Датчик магниточувствительный герконовый датчик.
Расстояние срабатывания: 10 мм
Частота переключения максимальная: 40 Гц
Рабочая температура: -25...+75 °C
Степень защиты по IEC 60529: IP65
Способ подключения: кабель ПВХ 3,7х5,9 мм/2x0,5/ 2 м";"Расстояние срабатывания номинальное (Sn); 14 мм;Расстояние срабатывания рабочее (Sa); 0...10 мм;Способ подключения; кабель ПВХ 3,7х5,9 мм/2x0,5/ 2 м;Способ монтажа; не заподлицо;Рабочая температура; -25...+75 °C;Тип выхода; Геркон;Функция выхода; размыкающий, NC;Частота переключения максимальная (f); 400 Гц;Повторяемость максимальная (R), от Sr; 5%;Гистерезис максимальный (H), от Sr; 15%;Длина кабеля; 2 м;Размеры упаковки; 90x30x10 мм;Масса, не более; 0,2 кг;Ток нагрузки максимальный (Ie); 0,5 А;Коммутируемая мощность; 7,5 Вт;Коммутируемое напряжение; 125 В;Коммутируемый ток; 0,5 А;Материал корпуса; сополимер АБС;Степень защиты по IEC 60529; IP65;Технический паспорт;";https://mega-k.com/products/ps5-43-10n115-k;"14 мм";;"кабель ПВХ 3,7х5,9 мм/2x0,5/ 2 м";"не заподлицо";"-25...+75 °C";Геркон;"размыкающий, NC";"400 Гц";5%;15%;;"2 м";"90x30x10 мм";"0,2 кг";;"7,5 Вт";"125 В";"0,5 А";;"сополимер АБС";;;;IP65;;;;;;;;"0,5 А";;;;;;;;;"0...10 мм";;;;;;;;
PS5B-18M100-5-K30;"624 руб.";4673759510920;"Датчик магниточувствительный герконовый датчик в цилиндрическом корпусе с резьбой М18х1 длиной 100 мм.
Расстояние срабатывания: 10-25 мм
Рабочая температура: -25...+75 °C
Коммутируемое напряжение: 0,05-250 В
Ток пропускаемый максимальный: 2 А
Падение напряжения: 2 В
Тип выхода: геркон
Функция выхода: замыкающий (полюс N) / размыкающий (полюс S)
Степень защиты по IEC 60529: IP65
Способ подключения: кабель ПВХ 3,7х5,9 мм/2x0,5/3 м";"Расстояние срабатывания номинальное (Sn); 10...25 мм;Способ подключения; кабель ПВХ 3,7х5,9 мм/2x0,5/ 3 м;Рабочая температура; -25...+75 °C;Тип выхода; Геркон;Функция выхода; замыкающий (полюс N) / размыкающий (полюс S);Длина; 100 мм;Длина кабеля; 3 м;Размеры упаковки; 90x30x10 мм;Масса, не более; 0,2 кг;Пропускаемый ток максимальный; 2 А;Ток нагрузки максимальный (Ie); 2 А;Категория применения; DC13/АС140;Коммутируемая мощность; 50 Вт;Коммутируемый ток; 5 мкА…1 А;Материал корпуса; пластик;Ударная нагрузка полусинусоидальная; механический удар одиночного действия 150g (0,5 мс);Вибрационная нагрузка; синусоидальная 1-2000 Гц (30g);Момент затяжки гаек, не более; 0,8 кг м;Степень защиты по IEC 60529; IP65;Технический паспорт;Примечание; В комплекте две крепежные гайки под ключ 24 и кронштейн PS9K-18M-1P.;";https://mega-k.com/products/ps5b-18m100-5-k30;"10...25 мм";;"кабель ПВХ 3,7х5,9 мм/2x0,5/ 3 м";;"-25...+75 °C";Геркон;"замыкающий (полюс N) / размыкающий (полюс S)";;;;"100 мм";"3 м";"90x30x10 мм";"0,2 кг";DC13/АС140;"50 Вт";;"5 мкА…1 А";;пластик;"механический удар одиночного действия 150g (0,5 мс)";"синусоидальная 1-2000 Гц (30g)";"0,8 кг м";IP65;Примечание;;;;;;;"2 А";;;;;;;;;;"2 А";;;;;;;
PS5B-43-20N105-K;"936 руб.";4673759507623;"Датчик магниточувствительный бесконтактный датчик с поляризованным герконом осуществляет функцию включения/выключения.
Расстояние срабатывания: 15...20 мм
Коммутирующее напряжение максимальное: 100 В
Коммутирующий ток максимальный: 100 мА
Коммутируемая мощность: не более 100 ВА
Частота переключения максимальная: 400 Гц
Тип выхода: геркон поляризованный
Диапазон рабочих температур: -25...+70 °C
Степень защиты: IP65
Подключение: кабель ПВХ 3,7х5,9 мм/2x0,5/ 2 м";"Расстояние срабатывания номинальное (Sn); 20 мм;Расстояние срабатывания рабочее (Sa); 0...18 мм;Расстояние срабатывания эффективное (Sr); (0,9…1,1)Sn;Способ подключения; кабель ПВХ 3,7х5,9 мм/2x0,5/ 2 м;Рабочая температура; -25...+70 °C;Тип выхода; Геркон;Функция выхода; замыкающий, NO;Частота переключения максимальная (f); 400 Гц;Повторяемость максимальная (R), от Sr; 5%;Гистерезис максимальный (H), от Sr; 15%;Длина кабеля; 2 м;Размеры упаковки; 90x30x10 мм;Масса, не более; 0,2 кг;Коммутируемая мощность; 10 Вт;Коммутируемое напряжение; 100 В;Коммутируемый ток; 0,1 А;Материал корпуса; сополимер АБС;Ударная нагрузка полусинусоидальная; 30 gn, 11 мс;Степень защиты по IEC 60529; IP65;Технический паспорт;";https://mega-k.com/products/ps5b-43-20n105-k;"20 мм";(0,9…1,1)Sn;"кабель ПВХ 3,7х5,9 мм/2x0,5/ 2 м";;"-25...+70 °C";Геркон;"замыкающий, NO";"400 Гц";5%;15%;;"2 м";"90x30x10 мм";"0,2 кг";;"10 Вт";"100 В";"0,1 А";;"сополимер АБС";"30 gn, 11 мс";;;IP65;;;;;;;;;;;;;;;;;"0...18 мм";;;;;;;;
PS5L-12M33-105-K;"648 руб.";4673759507630;"Датчик магниточувствительный герконовый датчик в цилиндрическом корпусе с резьбой М12х1 длиной 33 мм.
Расстояние срабатывания: 15-25 мм
Рабочая температура: -25...+75 °C
Коммутируемое напряжение: 100 В
Коммутируемый ток максимальный: 0,5 А
Коммутируемая мощность: 10 Вт
Тип выхода: геркон
Функция выхода: замыкающий, NO
Степень защиты по IEC 60529: IP67
Способ подключения: кабель ПВХ 3,7х5,9 мм/2x0,5/2 м";"Расстояние срабатывания номинальное (Sn); 20 мм;Расстояние срабатывания рабочее (Sa); 0...12 мм;Способ подключения; кабель ПВХ 3,7х5,9 мм/2x0,5/ 2 м;Способ монтажа; заподлицо;Рабочая температура; -25...+75 °C;Тип выхода; Геркон;Функция выхода; замыкающий, NO;Частота переключения максимальная (f); 100 срабатываний в секунду;Длина; 33 мм;Длина кабеля; 2 м;Размеры упаковки; 90x30x10 мм;Масса, не более; 0,1 кг;Ток нагрузки максимальный (Ie); 0,5 А;Категория применения; DC13;Коммутируемая мощность; 10 Вт;Коммутируемое напряжение; 100 В;Коммутируемый ток; 0,5 А;Покрытие корпуса; никель;Материал корпуса; латунь;Ударная нагрузка полусинусоидальная; 30 gn, 11 мс;Вибрационная нагрузка; 55 Гц, 1 мм, 3x30 мин;Момент затяжки гаек, не более; 1,5 кг м;Степень защиты по IEC 60529; IP67;Технический паспорт;Примечание; В комплекте две крепежные гайки под ключ 17.;";https://mega-k.com/products/ps5l-12m33-105-k;"20 мм";;"кабель ПВХ 3,7х5,9 мм/2x0,5/ 2 м";заподлицо;"-25...+75 °C";Геркон;"замыкающий, NO";"100 срабатываний в секунду";;;"33 мм";"2 м";"90x30x10 мм";"0,1 кг";DC13;"10 Вт";"100 В";"0,5 А";никель;латунь;"30 gn, 11 мс";"55 Гц, 1 мм, 3x30 мин";"1,5 кг м";IP67;Примечание;;;;;;;"0,5 А";;;;;;;;;"0...12 мм";;;;;;;;
PS5M-18M100-75-K30;"624 руб.";4673759510883;"Датчик магниточувствительный герконовый датчик в цилиндрическом корпусе с резьбой М18х1 длиной 100 мм.
Расстояние срабатывания: 15...30 мм
Рабочая температура: -25...+75 °C
Коммутируемое напряжение: 0,05-250 В
Коммутируемая максимальная мощность: 50 Вт
Пропускаемый максимальный ток: 1 А
Тип выхода: геркон
Функция выхода: замыкающий
Степень защиты по IEC 60529: IP65
Способ подключения: кабель ПВХ 3,7х5,9 мм/2x0,5/ 3 м";"Расстояние срабатывания номинальное (Sn); 15...30 мм;Способ подключения; кабель ПВХ 3,7х5,9 мм/2x0,5/ 3 м;Рабочая температура; -25...+75 °C;Тип выхода; Геркон;Функция выхода; замыкающий, NO;Длина; 100 мм;Длина кабеля; 3 м;Размеры упаковки; 90x30x10 мм;Масса, не более; 0,2 кг;Пропускаемый ток максимальный; 2 А;Ток нагрузки максимальный (Ie); 1 А;Категория применения; DC13/АС140;Коммутируемая мощность; 50 Вт;Коммутируемое напряжение; 0,05…250 В;Коммутируемый ток; 5 мкА…1 А;Материал корпуса; пластик;Ударная нагрузка полусинусоидальная; механический удар одиночного действия 150g (0,5 мс);Вибрационная нагрузка; синусоидальная 1-2000 Гц (30g);Момент затяжки гаек, не более; 0,8 кг м;Степень защиты по IEC 60529; IP65;Технический паспорт;Примечание; В комплекте две крепежные гайки под ключ 24 и кронштейн PS9K-18M-1P.;";https://mega-k.com/products/ps5m-18m100-75-k30;"15...30 мм";;"кабель ПВХ 3,7х5,9 мм/2x0,5/ 3 м";;"-25...+75 °C";Геркон;"замыкающий, NO";;;;"100 мм";"3 м";"90x30x10 мм";"0,2 кг";DC13/АС140;"50 Вт";"0,05…250 В";"5 мкА…1 А";;пластик;"механический удар одиночного действия 150g (0,5 мс)";"синусоидальная 1-2000 Гц (30g)";"0,8 кг м";IP65;Примечание;;;;;;;"1 А";;;;;;;;;;"2 А";;;;;;;
PS9M-1;"300 руб.";4673759512610;"Магнитный инициатор для магниточувствительных датчиков.
Применимо для: PS5-12M33-10N105-К, PS5-12M33-B11-K, PS5-12M33-B21-K, PS5-12M50-X11-C4, PS5-12M90-X11-C4
Магнитная индукция: не менее 260 мТл
Рабочая температура: -25...+75 °C
Степень защиты по IEC 60529: IP65
Материал корпуса: алюминий";"Магнитная индукция; не менее 260 мТл;Рабочая температура; -25...+75 °C;Размеры упаковки; 35x20x25 мм;Масса, не более; 0,01 кг;Материал корпуса; алюминий;Степень защиты по IEC 60529; IP65;Технический паспорт;";https://mega-k.com/products/ps9m-1;;;;;"-25...+75 °C";;;;;;;;"35x20x25 мм";"0,01 кг";;;;;;алюминий;;;;IP65;;;;;;;;;;;;;;;;;;;;"не менее 260 мТл";;;;;
PS9M-4;"24 руб.";4673759514744;"Магнитный инициатор для магниточувствительных датчиков.
Применимо для: PS5В-18М100-5-К
Рабочая температура: -25...+75 °C";"Рабочая температура; -25...+75 °C;Размеры упаковки; 35x20x25 мм;Масса, не более; 0,01 кг;Степень защиты по IEC 60529; IP65;Технический паспорт;";https://mega-k.com/products/ps9m-4;;;;;"-25...+75 °C";;;;;;;;"35x20x25 мм";"0,01 кг";;;;;;;;;;IP65;;;;;;;;;;;;;;;;;;;;;;;;;
PS9M-43;"120 руб.";4673759507685;"Магнитный инициатор для бистабильного датчика PS5B-43-20N105-К.
Применимо для: PS5B-43-20N105-К
Магнитная индукция: 28...32 мТл
Рабочая температура: -25...+75 °C
Степень защиты по IEC 60529: IP65
Материал корпуса: сополимер АБС";"Магнитная индукция; 28...32 мТл;Рабочая температура; -25...+75 °C;Размеры упаковки; 45x30x10 мм;Масса, не более; 0,02 кг;Материал корпуса; сополимер АБС;Степень защиты по IEC 60529; IP65;Технический паспорт;";https://mega-k.com/products/ps9m-43;;;;;"-25...+75 °C";;;;;;;;"45x30x10 мм";"0,02 кг";;;;;;"сополимер АБС";;;;IP65;;;;;;;;;;;;;;;;;;;;"28...32 мТл";;;;;
PS9M-43-1;"108 руб.";4673759514768;"Магнитный инициатор для PS5-43-10N105-К.";"Магнитная индукция; 28...32 мТл;Рабочая температура; -25...+75 °C;Размеры упаковки; 45x30x10 мм;Масса, не более; 0,01 кг;Материал корпуса; сополимер АБС;Степень защиты по IEC 60529; IP65;Технический паспорт;";https://mega-k.com/products/ps9m-43-1;;;;;"-25...+75 °C";;;;;;;;"45x30x10 мм";"0,01 кг";;;;;;"сополимер АБС";;;;IP65;;;;;;;;;;;;;;;;;;;;"28...32 мТл";;;;;
ВБ5.43R.6.11.5.К;"420 руб.";1564;"Выключатель, NC, АБС, Sn 6 мм, 2 провода.";;https://mega-k.com/products/vb5-43r-6-11-5-k;;;;;;;;;;;;;;;;;;;;;;;;;;;;;;;;;;;;;;;;;;;;;;;;;
ВБУ1.68;"2 070 руб.";C924;"Магниточувствительный датчик уровня предназначен для контроля уровня жидкости. Контролируемый уровень измеряется в положении выключателя кабелем вверх.
Длина погружаемой части: 68 мм
Контролируемые уровни от верхней посадочной плоскости: 30 мм
Плотность жидкости: не менее 0,5 г/см3
Воспроизводимость уровня срабатывания: не хуже 1 мм
Коммутируемый ток: не более 1А
Коммутируемое напряжения: не более 250 В
Коммутируемая мощность: 90 Вт
Токовая нагрузка на контакты:
постоянный ток до 1А при напряжении до 36В, активная нагрузка (количество срабатываний 200 000);
постоянный ток до 0,15А при напряжении до 24В, индуктивная нагрузка (количество срабатываний 200 000);
переменный ток до 0,1А при напряжении до 250В, активная нагрузка (количество срабатываний 200 000);
переменный ток до 0,4А при напряжении до 220В,индуктивная нагрузка (количество срабатываний 200 000).
Диаметр поплавка: 40 мм
Длина датчика: 93 мм
Диапазон рабочих температур: -40...+105 °С
Степень защиты: IP68
Подключение: кабель";"Гистерезис срабатывания; не более 5 мм;Диаметр поплавка; 40 мм;Плотность жидкости; не менее 0,5 г/см3;Способ подключения; кабель ПВХ 5,5 мм/3x0,35/ 2 м;Рабочая температура; -40...+105 °C;Длина кабеля; 2 м;Размеры упаковки; 95x40x40 мм;Материал поплавка; маслобензостойкий композит;Материал корпуса; латунь;Степень защиты по IEC 60529; IP68;";https://mega-k.com/products/vbu1-68;;;"кабель ПВХ 5,5 мм/3x0,35/ 2 м";;"-40...+105 °C";;;;;;;"2 м";"95x40x40 мм";;;;;;;латунь;;;;IP68;;;;;;;;;;;;;;;;;;;;;"не более 5 мм";"40 мм";"не менее 0,5 г/см3";"маслобензостойкий композит";
ВБУ1.68М;"2 232 руб.";C925;"Магниточувствительный датчик уровня предназначен для контроля уровня жидкости. Контролируемый уровень измеряется в положении выключателя кабелем вверх.
Длина погружаемой части: 68 мм
Контролируемые уровни от верхней посадочной плоскости: 30 мм
Плотность жидкости: не менее 0,5 г/см3
Воспроизводимость уровня срабатывания: не хуже 1 мм
Коммутируемый ток: не более 1А
Коммутируемое напряжения: не более 250 В
Коммутируемая мощность: 90 Вт
Токовая нагрузка на контакты:
постоянный ток до 1А при напряжении до 36В, активная нагрузка (количество срабатываний 200 000);
постоянный ток до 0,15А при напряжении до 24В, индуктивная нагрузка (количество срабатываний 200 000);
переменный ток до 0,1А при напряжении до 250В, активная нагрузка (количество срабатываний 200 000);
переменный ток до 0,4А при напряжении до 220В,индуктивная нагрузка (количество срабатываний 200 000).
Диаметр поплавка: 30 мм
Длина датчика: 93 мм
Диапазон рабочих температур: -40...+105 °С
Степень защиты: IP68
Подключение: кабель";"Гистерезис срабатывания; не более 5 мм;Диаметр поплавка; 30 мм;Плотность жидкости; не менее 0,5 г/см3;Способ подключения; кабель ПВХ 5,5 мм/3x0,35/ 2 м;Рабочая температура; -40...+105 °C;Длина кабеля; 2 м;Размеры упаковки; 95x30x30 мм;Материал поплавка; маслобензостойкий композит;Материал корпуса; латунь;Степень защиты по IEC 60529; IP68;";https://mega-k.com/products/vbu1-68m;;;"кабель ПВХ 5,5 мм/3x0,35/ 2 м";;"-40...+105 °C";;;;;;;"2 м";"95x30x30 мм";;;;;;;латунь;;;;IP68;;;;;;;;;;;;;;;;;;;;;"не более 5 мм";"30 мм";"не менее 0,5 г/см3";"маслобензостойкий композит";
ВБУ1.68Н;"4 468 руб.";C958;"Магниточувствительный датчик уровня предназначен для контроля уровня жидкости. Контролируемый уровень измеряется в положении выключателя кабелем вверх.
Длина погружаемой части: 68 мм
Контролируемые уровни от верхней посадочной плоскости: 30 мм
Плотность жидкости: не менее 0,5 г/см3
Воспроизводимость уровня срабатывания: не хуже 1 мм
Коммутируемый ток: не более 1А
Коммутируемое напряжения: не более 250 В
Коммутируемая мощность: 90 Вт
Токовая нагрузка на контакты:
постоянный ток до 1А при напряжении до 36В, активная нагрузка (количество срабатываний 200 000);
постоянный ток до 0,15А при напряжении до 24В, индуктивная нагрузка (количество срабатываний 200 000);
переменный ток до 0,1А при напряжении до 250В, активная нагрузка (количество срабатываний 200 000);
переменный ток до 0,4А при напряжении до 220В,индуктивная нагрузка (количество срабатываний 200 000).
Диаметр поплавка: 40 мм
Длина датчика: 93 мм
Диапазон рабочих температур: -40...+105 °С
Степень защиты: IP68
Подключение: кабель";"Гистерезис срабатывания; не более 5 мм;Диаметр поплавка; 40 мм;Плотность жидкости; не менее 0,5 г/см3;Способ подключения; кабель ПВХ 5,5 мм/3x0,35/ 2 м;Рабочая температура; -40...+105 °C;Длина кабеля; 2 м;Размеры упаковки; 95x40x40 мм;Материал поплавка; маслобензостойкий композит;Материал корпуса; нержавеющая сталь;Степень защиты по IEC 60529; IP68;";https://mega-k.com/products/vbu1-68n;;;"кабель ПВХ 5,5 мм/3x0,35/ 2 м";;"-40...+105 °C";;;;;;;"2 м";"95x40x40 мм";;;;;;;"нержавеющая сталь";;;;IP68;;;;;;;;;;;;;;;;;;;;;"не более 5 мм";"40 мм";"не менее 0,5 г/см3";"маслобензостойкий композит";
ВБУ2.100;"2 634 руб.";C929;"Магниточувствительный датчик уровня предназначен для контроля уровня жидкости. Контролируемый уровень измеряется в положении выключателя кабелем вверх.
Длина погружаемой части: 100 мм
Контролируемые уровни от верхней посадочной плоскости: 30 мм - верхний, 70 мм - нижний
Плотность жидкости: не менее 0,5 г/см3
Воспроизводимость уровня срабатывания: не хуже 1 мм
Коммутируемый ток: не более 1А
Коммутируемое напряжения: не более 250 В
Коммутируемая мощность: 90 Вт
Токовая нагрузка на контакты:
постоянный ток до 1А при напряжении до 36В, активная нагрузка (количество срабатываний 200 000);
постоянный ток до 0,15А при напряжении до 24В, индуктивная нагрузка (количество срабатываний 200 000);
переменный ток до 0,1А при напряжении до 250В, активная нагрузка (количество срабатываний 200 000);
переменный ток до 0,4А при напряжении до 220В,индуктивная нагрузка (количество срабатываний 200 000).
Диаметр поплавка: 40 мм
Длина датчика: 125 мм
Диапазон рабочих температур: -40...+105 °С
Степень защиты: IP68
Подключение: кабель";"Гистерезис срабатывания; не более 5 мм;Диаметр поплавка; 40 мм;Плотность жидкости; не менее 0,5 г/см3;Способ подключения; кабель ПВХ 5,5 мм/3x0,35/ 2 м;Рабочая температура; -40...+105 °C;Длина кабеля; 2 м;Размеры упаковки; 130x40x40 мм;Материал поплавка; маслобензостойкий композит;Материал корпуса; латунь;Степень защиты по IEC 60529; IP68;";https://mega-k.com/products/vbu2-100;;;"кабель ПВХ 5,5 мм/3x0,35/ 2 м";;"-40...+105 °C";;;;;;;"2 м";"130x40x40 мм";;;;;;;латунь;;;;IP68;;;;;;;;;;;;;;;;;;;;;"не более 5 мм";"40 мм";"не менее 0,5 г/см3";"маслобензостойкий композит";
ВБУ3.100;"2 616 руб.";C940;"Магниточувствительный датчик уровня предназначен для контроля уровня жидкости. Контролируемый уровень измеряется в положении выключателя кабелем вверх.
Длина погружаемой части: 100 мм
Контролируемые уровни от верхней посадочной плоскости: 70 мм
Плотность жидкости: не менее 0,5 г/см3
Воспроизводимость уровня срабатывания: не хуже 1 мм
Коммутируемый ток: не более 3А
Коммутируемое напряжения: не более 250 В
Коммутируемая мощность: 120 Вт
Токовая нагрузка на контакты:
постоянный ток до 3А при напряжении до 36В, активная нагрузка (количество срабатываний 10 000);
постоянный ток до 0,08А при напряжении до 150В, активная нагрузка (количество срабатываний 1 000 000);
постоянный ток до 2,5А при напряжении до 27В, активно-индуктивная нагрузка (количество срабатываний 200 000);
переменный ток до 0,2А при напряжении до 220В, активно-индуктивная нагрузка (количество срабатываний 200 000).
Диаметр поплавка: 40 мм
Длина датчика: 125 мм
Диапазон рабочих температур: -40...+105 °С
Степень защиты: IP68
Подключение: кабель";"Гистерезис срабатывания; не более 5 мм;Диаметр поплавка; 40 мм;Плотность жидкости; не менее 0,5 г/см3;Способ подключения; кабель ПВХ 5,5 мм/3x0,35/ 2 м;Рабочая температура; -40...+105 °C;Длина кабеля; 2 м;Размеры упаковки; 130x40x40 мм;Материал поплавка; маслобензостойкий композит;Материал корпуса; латунь;Степень защиты по IEC 60529; IP68;";https://mega-k.com/products/vbu3-100;;;"кабель ПВХ 5,5 мм/3x0,35/ 2 м";;"-40...+105 °C";;;;;;;"2 м";"130x40x40 мм";;;;;;;латунь;;;;IP68;;;;;;;;;;;;;;;;;;;;;"не более 5 мм";"40 мм";"не менее 0,5 г/см3";"маслобензостойкий композит";
ВБУ33.100;"2 796 руб.";C955;"Магниточувствительный датчик уровня предназначен для контроля уровня жидкости. Контролируемый уровень измеряется в положении выключателя кабелем вверх.
Длина погружаемой части: 100 мм
Контролируемые уровни от верхней посадочной плоскости: 30 мм - верхний, 70 мм - нижний
Плотность жидкости: не менее 0,5 г/см3
Воспроизводимость уровня срабатывания: не хуже 1 мм
Коммутируемый ток: не более 3А
Коммутируемое напряжения: не более 250 В
Коммутируемая мощность: 120 Вт
Токовая нагрузка на контакты:
постоянный ток до 3А при напряжении до 36В, активная нагрузка (количество срабатываний 10 000);
постоянный ток до 0,08А при напряжении до 150В, активная нагрузка (количество срабатываний 1 000 000);
постоянный ток до 2,5А при напряжении до 27В, активно-индуктивная нагрузка (количество срабатываний 200 000);
переменный ток до 0,2А при напряжении до 220В, активно-индуктивная нагрузка (количество срабатываний 200 000).
Диаметр поплавка: 40 мм
Длина датчика: 125 мм
Диапазон рабочих температур: -40...+105 °С
Степень защиты: IP68
Подключение: кабель";"Гистерезис срабатывания; не более 5 мм;Диаметр поплавка; 40 мм;Плотность жидкости; не менее 0,5 г/см3;Способ подключения; кабель ПВХ 5,5 мм/3x0,35/ 2 м;Рабочая температура; -40...+105 °C;Длина кабеля; 2 м;Размеры упаковки; 130x40x40 мм;Материал поплавка; маслобензостойкий композит;Материал корпуса; латунь;Степень защиты по IEC 60529; IP68;";https://mega-k.com/products/vbu33-100;;;"кабель ПВХ 5,5 мм/3x0,35/ 2 м";;"-40...+105 °C";;;;;;;"2 м";"130x40x40 мм";;;;;;;латунь;;;;IP68;;;;;;;;;;;;;;;;;;;;;"не более 5 мм";"40 мм";"не менее 0,5 г/см3";"маслобензостойкий композит";
"Инициатор магнитный БМ5.43R";"132 руб.";1565;"Магнитный инициатор, цилиндрический, D6h6 для ВБ5.43R.6.11.5.K.";"Масса, не более; 0,01 кг;";https://mega-k.com/products/bm5-43r;;;;;;;;;;;;;;"0,01 кг";;;;;;;;;;;;;;;;;;;;;;;;;;;;;;;;;;;
VB5-43-10N105-K03;;D520;"Заменён на PS5-43-10N105-K03";"Расстояние срабатывания номинальное (Sn); 10 мм;Способ подключения; кабель ПВХ 3,7х5,9 мм/2x0,5/ 0,3 м;Способ монтажа; не заподлицо;Рабочая температура; -25...+75 °C;Повторяемость максимальная (R), от Sr; 5%;Гистерезис максимальный (H), от Sr; 15%;Длина кабеля; 0,3 м;Размеры упаковки; 90x30x10 мм;Масса, не более; 0,06 кг;Коммутируемая мощность; 10 Вт;Коммутируемое напряжение; 100 В;Материал корпуса; пластик;Степень защиты по IEC 60529; IP65;";https://mega-k.com/products/vb5-43-10n105-k03;"10 мм";;"кабель ПВХ 3,7х5,9 мм/2x0,5/ 0,3 м";"не заподлицо";"-25...+75 °C";;;;5%;15%;;"0,3 м";"90x30x10 мм";"0,06 кг";;"10 Вт";"100 В";;;пластик;;;;IP65;;;;;;;;;;;;;;;;;;;;;;;;;
БМ1;;D511;"Заменён на PS9M-1 инициатор";"Размеры упаковки; 35x20x25 мм;Масса, не более; 0,01 кг;";https://mega-k.com/products/ps9m-1-bm1;;;;;;;;;;;;;"35x20x25 мм";"0,01 кг";;;;;;;;;;;;;;;;;;;;;;;;;;;;;;;;;;;
ВБ5.12М.33.хх.1.1.К;;D508;"Заменён на PS5-12M33-B11-K";"Способ подключения; кабель ПВХ 5,5 мм/3x0,35/ 2 м;Способ монтажа; заподлицо;Рабочая температура; -25...+75 °C;Тип выхода; PNP;Функция выхода; замыкающий, NO;Гистерезис максимальный (H), от Sr; 15%;Длина; 33 мм;Длина кабеля; 2 м;Размеры упаковки; 90x80x25 мм;Индукция отпускания; 10 мТл;Индукция срабатывания; 55 мТл;Масса, не более; 0,09 кг;Напряжение питания рабочее; 10...30 V DC;Ток нагрузки максимальный (Ie); 0,3 А;Ток потребления вкл./выкл.; не более 0,018 А;Материал корпуса; латунь;Степень защиты по IEC 60529; IP67;Защита от короткого замыкания; есть;Защита от переполюсовки; есть;Примечание; В комплекте две крепежные гайки под ключ 17.;";https://mega-k.com/products/vb5-12m-33-xx-1-1-k;;;"кабель ПВХ 5,5 мм/3x0,35/ 2 м";заподлицо;"-25...+75 °C";PNP;"замыкающий, NO";;;15%;"33 мм";"2 м";"90x80x25 мм";"0,09 кг";;;;;;латунь;;;;IP67;;;;"10 мТл";"55 мТл";;"10...30 V DC";"0,3 А";"не более 0,018 А";;;;;есть;есть;;;;;;;;;;"В комплекте две крепежные гайки под ключ 17."
ВБ5.12М.33.хх.2.1.К;;D509;"Заменён на PS5-12M33-B21-K";"Способ подключения; кабель ПВХ 5,5 мм/3x0,35/ 2 м;Способ монтажа; заподлицо;Рабочая температура; -25...+75 °C;Тип выхода; NPN;Функция выхода; замыкающий, NO;Гистерезис максимальный (H), от Sr; 15%;Длина; 33 мм;Длина кабеля; 2 м;Размеры упаковки; 90x80x25 мм;Индукция отпускания; 10 мТл;Индукция срабатывания; 55 мТл;Масса, не более; 0,09 кг;Напряжение питания рабочее; 10...30 V DC;Ток нагрузки максимальный (Ie); 0,3 А;Ток потребления вкл./выкл.; не более 0,018 А;Материал корпуса; латунь;Степень защиты по IEC 60529; IP67;Защита от короткого замыкания; есть;Защита от переполюсовки; есть;Примечание; В комплекте две крепежные гайки под ключ 17.;";https://mega-k.com/products/vb5-12m-33-xx-2-1-k;;;"кабель ПВХ 5,5 мм/3x0,35/ 2 м";заподлицо;"-25...+75 °C";NPN;"замыкающий, NO";;;15%;"33 мм";"2 м";"90x80x25 мм";"0,09 кг";;;;;;латунь;;;;IP67;;;;"10 мТл";"55 мТл";;"10...30 V DC";"0,3 А";"не более 0,018 А";;;;;есть;есть;;;;;;;;;;"В комплекте две крепежные гайки под ключ 17."
ВБ5.42.хх.хх.10.5.К;;D512;"Заменён на PS5-42-105-K";"Способ подключения; кабель ПВХ 3 мм/2x0,12/ 2 м;Рабочая температура; -25...+75 °C;Функция выхода; замыкающий, NO;Гистерезис максимальный (H), от Sr; 15%;Длина кабеля; 2 м;Размеры упаковки; 100x105x40 мм;Масса, не более; 0,03 кг;Ток нагрузки максимальный (Ie); 0,1 А;Коммутируемая мощность; 10 Вт;Коммутируемое напряжение; 100 В;Материал корпуса; пластик;Степень защиты по IEC 60529; IP67;";https://mega-k.com/products/vb5-42-xx-xx-10-5-k;;;"кабель ПВХ 3 мм/2x0,12/ 2 м";;"-25...+75 °C";;"замыкающий, NO";;;15%;;"2 м";"100x105x40 мм";"0,03 кг";;"10 Вт";"100 В";;;пластик;;;;IP67;;;;;;;;"0,1 А";;;;;;;;;;;;;;;;;
ВБ5.43.хх.хх.10.5.К;;D504;"Заменён на PS5B-43-20N105-K";"Способ подключения; кабель ПВХ 3,7х5,9 мм/2x0,5/ 2 м;Способ монтажа; не заподлицо;Рабочая температура; -25...+75 °C;Гистерезис максимальный (H), от Sr; 15%;Длина кабеля; 2 м;Размеры упаковки; 90x30x10 мм;Масса, не более; 0,06 кг;Напряжение питания рабочее; 5...30 V DC;Коммутируемая мощность; не более 10 ВА;Коммутируемое напряжение; 100 В;Материал корпуса; АБС;Степень защиты по IEC 60529; IP65;";https://mega-k.com/products/vb5-43-xx-xx-10-5-k;;;"кабель ПВХ 3,7х5,9 мм/2x0,5/ 2 м";"не заподлицо";"-25...+75 °C";;;;;15%;;"2 м";"90x30x10 мм";"0,06 кг";;"не более 10 ВА";"100 В";;;АБС;;;;IP65;;;;;;;"5...30 V DC";;;;;;;;;;;;;;;;;;
ВБ5.43.хх.хх.11.5.К;;D505;"Заменён на PS5-43-10N115-K";"Расстояние срабатывания номинальное (Sn); 10 мм;Способ подключения; кабель ПВХ 3,7х5,9 мм/2x0,5/ 2 м;Способ монтажа; не заподлицо;Рабочая температура; -25...+75 °C;Гистерезис максимальный (H), от Sr; 15%;Длина кабеля; 2 м;Размеры упаковки; 90x30x10 мм;Масса, не более; 0,06 кг;Коммутируемая мощность; 7,5 Вт (АС);Коммутируемое напряжение; 125 В;Материал корпуса; пластик;Степень защиты по IEC 60529; IP65;";https://mega-k.com/products/vb5-43-xx-xx-11-5-k;"10 мм";;"кабель ПВХ 3,7х5,9 мм/2x0,5/ 2 м";"не заподлицо";"-25...+75 °C";;;;;15%;;"2 м";"90x30x10 мм";"0,06 кг";;"7,5 Вт (АС)";"125 В";;;пластик;;;;IP65;;;;;;;;;;;;;;;;;;;;;;;;;
"Инициатор магнитный БМ5.43";;D507;"Заменён на PS9M-43 инициатор";"Размеры упаковки; 45x30x10 мм;Масса, не более; 0,02 кг;";https://mega-k.com/products/bm-43;;;;;;;;;;;;;"45x30x10 мм";"0,02 кг";;;;;;;;;;;;;;;;;;;;;;;;;;;;;;;;;;;
"Инициатор магнитный БМ5.43.11";;D506;"Заменён на PS9M-43-1 инициатор";"Размеры упаковки; 45x30x10 мм;Масса, не более; 0,01 кг;";https://mega-k.com/products/bm-43-11;;;;;;;;;;;;;"45x30x10 мм";"0,01 кг";;;;;;;;;;;;;;;;;;;;;;;;;;;;;;;;;;;
